order_id,customer_id,order_date,status,region_code
O0001,C0458,14-10-2024 00:43:04,SHIPPED,SOUTH
O0002,C0359,2025-01-24 16:59:04,PLACED,NORTH
O0003,,2026-07-02 04:07:00,CANCELLED,SOUTH
O0004,C0505,2025-09-22 17:00:03,DELIVERED,WEST
O0005,C0491,2026-05-02 12:31:02,RETURNED,SOUTH
O0006,C0076,2024-12-31 02:48:44,PLACED,EAST
O0007,,2026-05-22 08:19:17,PLACED,NORTH
O0008,C0910,2025-08-17 08:09:02,PLACED,NORTH
O0009,C0629,2026-01-24 04:53:35,PLACED,WEST
O0010,C0169,2026-03-06 15:28:51,CANCELLED,SOUTH
O0011,C0340,2025-02-05 03:04:39,SHIPPED,WEST
O0012,C0740,2024-12-03 01:36:20,RETURNED,EAST
O0013,C0305,2026-04-26 10:53:42,PLACED,WEST
O0014,C0861,2025-12-15 15:40:22,PLACED,EAST
O0015,,2024-07-25 00:10:30,RETURNED,WEST
O0016,C0027,2025-12-27 07:25:31,DELIVERED,NORTH
O0017,C0119,2025-12-15 11:07:10,CANCELLED,WEST
O0018,C0677,2025-08-24 23:59:00,RETURNED,WEST
O0019,C0907,2025-10-27 07:32:02,SHIPPED,WEST
O0020,,2025-01-19 12:01:26,DELIVERED,SOUTH
O0021,C0578,2025-12-17 18:02:06,PLACED,NORTH
O0022,C0828,2025-09-15 02:33:07,RETURNED,SOUTH
O0023,C0861,2026-05-23 23:26:48,RETURNED,WEST
O0024,C0704,2025-06-24 15:01:47,CANCELLED,SOUTH
O0025,C0081,2024-07-08 13:40:36,PLACED,SOUTH
O0026,C0776,2026-07-05 12:46:38,SHIPPED,SOUTH
O0027,C0130,03-06-2025 19:13:28,PLACED,WEST
O0028,C0843,2025-11-16 21:42:40,RETURNED,EAST
O0029,C0745,2025-12-11 20:43:22,PLACED,NORTH
O0030,C0407,2025-11-23 22:40:19,DELIVERED,WEST
O0031,C0013,2024-08-16 08:01:34,RETURNED,WEST
O0032,C0154,2026-05-01 06:20:02,RETURNED,NORTH
O0033,C0577,2026-07-06 04:58:33,DELIVERED,EAST
O0034,C0271,2025-03-14 22:22:34,CANCELLED,WEST
O0035,,2025-06-08 00:30:57,SHIPPED,WEST
O0036,,2026-04-23 20:54:03,DELIVERED,SOUTH
O0037,,2025-05-19 01:57:00,DELIVERED,EAST
O0038,,2025-02-04 21:37:38,DELIVERED,EAST
O0039,C0504,2024-10-09 14:12:57,PLACED,SOUTH
O0040,C0998,2025-12-17 08:35:10,DELIVERED,EAST
O0041,C0620,2025-08-13 14:57:27,SHIPPED,WEST
O0042,C0844,2025-07-04 11:02:26,CANCELLED,EAST
O0043,C0528,2025-07-26 23:24:57,PLACED,EAST
O0044,C0414,2025-04-13 19:33:25,RETURNED,NORTH
O0045,C0897,2025-08-12 19:36:04,PLACED,SOUTH
O0046,,2026-02-16 14:25:26,DELIVERED,SOUTH
O0047,C0844,2024-08-09 19:28:25,CANCELLED,NORTH
O0048,C0248,2026-05-24 12:30:18,RETURNED,WEST
O0049,C0892,2026-01-18 05:45:14,RETURNED,EAST
O0050,C0858,2024-12-28 11:06:56,PLACED,EAST
O0051,,12-08-2024 12:43:05,RETURNED,SOUTH
O0052,C0663,2025-02-07 22:16:50,SHIPPED,EAST
O0053,C0526,20-06-2026 09:17:30,PLACED,WEST
O0054,C0663,2025-05-29 07:45:29,PLACED,SOUTH
O0055,C0825,2025-08-24 14:04:50,DELIVERED,WEST
O0056,C0873,2025-06-20 16:37:06,DELIVERED,SOUTH
O0057,C0694,2025-03-09 16:24:40,RETURNED,WEST
O0058,C0008,2024-07-11 01:24:34,DELIVERED,EAST
O0059,C0111,2025-05-07 10:00:45,DELIVERED,EAST
O0060,C0883,2024-12-05 04:59:32,DELIVERED,SOUTH
O0061,C0784,2025-03-24 00:36:08,PLACED,WEST
O0062,C0698,2024-09-08 14:15:43,PLACED,WEST
O0063,C0266,2026-05-21 15:27:28,CANCELLED,WEST
O0064,C0598,2025-09-24 04:43:25,RETURNED,SOUTH
O0065,C0731,2026-03-26 09:20:52,RETURNED,WEST
O0066,C0688,2024-07-26 18:12:02,DELIVERED,SOUTH
O0067,C0898,2026-01-30 20:11:22,DELIVERED,NORTH
O0068,C0759,2024-12-29 07:14:39,RETURNED,SOUTH
O0069,C0922,2025-12-24 15:21:28,PLACED,SOUTH
O0070,C0763,2025-06-01 05:48:56,CANCELLED,EAST
O0071,C0600,2024-09-02 20:54:09,PLACED,WEST
O0072,C0650,2026-06-19 07:15:48,RETURNED,NORTH
O0073,C0200,2025-01-17 05:16:34,CANCELLED,EAST
O0074,C0892,2024-12-06 23:17:00,SHIPPED,SOUTH
O0075,C0584,2024-11-11 19:23:32,CANCELLED,SOUTH
O0076,C0733,2025-03-19 18:25:32,PLACED,WEST
O0077,C0182,2025-03-05 11:04:29,PLACED,NORTH
O0078,C0215,2024-08-24 20:43:58,SHIPPED,SOUTH
O0079,C0782,2025-11-05 06:37:13,SHIPPED,WEST
O0080,C0414,2025-11-04 17:34:18,CANCELLED,WEST
O0081,,2024-09-20 04:20:19,DELIVERED,NORTH
O0082,C0776,2024-07-28 16:49:09,SHIPPED,NORTH
O0083,C0642,2025-07-14 20:27:22,SHIPPED,EAST
O0084,C0106,2025-06-07 13:20:43,RETURNED,EAST
O0085,C0844,26-03-2026 16:32:47,DELIVERED,WEST
O0086,C0611,2024-07-25 17:03:52,CANCELLED,SOUTH
O0087,C0924,2025-10-10 06:48:27,SHIPPED,SOUTH
O0088,C0941,2026-03-18 06:30:30,PLACED,SOUTH
O0089,C0135,2025-11-05 12:15:28,PLACED,SOUTH
O0090,C0729,2026-07-03 08:01:49,PLACED,WEST
O0091,C0262,2025-03-23 17:05:04,RETURNED,NORTH
O0092,C0050,2026-04-20 21:25:50,PLACED,NORTH
O0093,C0427,2025-01-17 13:12:16,PLACED,EAST
O0094,C0157,2025-01-15 00:30:36,PLACED,EAST
O0095,C0104,2024-09-28 19:31:44,DELIVERED,SOUTH
O0096,C0921,2025-07-09 21:20:23,RETURNED,NORTH
O0097,C0804,2025-01-08 04:34:16,SHIPPED,SOUTH
O0098,C0852,2025-03-28 18:14:33,SHIPPED,EAST
O0099,C0303,2026-04-14 16:29:05,RETURNED,WEST
O0100,C0705,2024-08-18 07:56:08,DELIVERED,SOUTH
O0101,,2026-04-06 05:35:51,PLACED,WEST
O0102,C0093,2025-03-23 03:46:23,PLACED,NORTH
O0103,C0660,2025-08-14 16:40:42,DELIVERED,EAST
O0104,C0103,2026-03-15 20:32:16,PLACED,EAST
O0105,C0694,2025-01-06 22:27:19,PLACED,NORTH
O0106,C0912,01-09-2024 16:23:24,SHIPPED,SOUTH
O0107,C0916,2026-03-01 14:15:06,RETURNED,EAST
O0108,C0096,2025-10-16 01:23:10,DELIVERED,SOUTH
O0109,C0410,2025-10-31 06:47:28,DELIVERED,WEST
O0110,C0490,2025-06-12 16:00:56,SHIPPED,NORTH
O0111,C0744,2026-02-20 13:03:48,SHIPPED,NORTH
O0112,C0605,2024-09-19 08:39:56,RETURNED,WEST
O0113,C0389,2025-11-04 18:34:45,RETURNED,NORTH
O0114,C0902,2025-06-18 19:46:48,SHIPPED,WEST
O0115,C0116,2025-09-29 17:21:15,CANCELLED,NORTH
O0116,C0671,2024-10-12 00:09:57,RETURNED,SOUTH
O0117,C0686,2024-09-11 11:42:57,RETURNED,NORTH
O0118,C0745,2024-08-23 04:31:12,DELIVERED,WEST
O0119,C0847,2026-06-19 02:01:41,RETURNED,NORTH
O0120,,2024-08-01 22:48:17,RETURNED,WEST
O0121,C0891,2025-04-26 04:23:19,CANCELLED,EAST
O0122,C0994,2025-03-07 09:11:07,RETURNED,SOUTH
O0123,C0388,2026-05-29 09:35:49,SHIPPED,NORTH
O0124,C0821,2026-04-26 11:21:37,PLACED,WEST
O0125,C0122,2025-12-27 14:28:09,PLACED,NORTH
O0126,C0037,2024-08-26 13:26:50,PLACED,NORTH
O0127,C0987,2026-03-06 22:49:01,DELIVERED,SOUTH
O0128,C0468,2024-10-14 02:40:23,DELIVERED,NORTH
O0129,C0865,2024-08-24 05:02:20,RETURNED,WEST
O0130,C0373,2026-06-20 22:47:37,PLACED,NORTH
O0131,C0228,22-03-2026 06:48:47,DELIVERED,EAST
O0132,C0383,2025-06-15 07:11:23,PLACED,SOUTH
O0133,C0842,2024-08-18 14:34:17,CANCELLED,NORTH
O0134,C0201,2025-02-26 05:03:42,CANCELLED,SOUTH
O0135,C0801,2025-10-24 10:13:37,DELIVERED,NORTH
O0136,C0048,2025-11-05 10:10:19,RETURNED,NORTH
O0137,C0462,2025-06-07 11:17:45,RETURNED,SOUTH
O0138,C0005,2024-08-27 03:39:10,PLACED,WEST
O0139,C0495,2024-09-24 03:26:14,SHIPPED,SOUTH
O0140,C0132,2025-12-15 07:57:02,RETURNED,EAST
O0141,C0394,2024-08-19 09:14:01,RETURNED,SOUTH
O0142,C0987,2025-09-14 10:33:33,DELIVERED,WEST
O0143,C0142,2024-08-16 14:22:14,RETURNED,EAST
O0144,C0561,2025-02-21 02:52:50,RETURNED,SOUTH
O0145,C0640,2026-04-28 05:03:51,DELIVERED,SOUTH
O0146,C0666,2025-04-29 08:04:45,SHIPPED,EAST
O0147,C0780,2025-05-15 01:08:55,CANCELLED,WEST
O0148,C0916,2024-09-19 11:38:20,DELIVERED,WEST
O0149,C0536,2025-10-29 12:34:35,CANCELLED,SOUTH
O0150,C0058,2026-02-11 02:50:47,SHIPPED,EAST
O0151,C0150,2025-05-22 08:50:32,DELIVERED,SOUTH
O0152,C0034,2025-01-04 02:45:21,CANCELLED,NORTH
O0153,C0692,2026-05-09 14:13:26,SHIPPED,WEST
O0154,C0804,2025-10-15 18:08:15,DELIVERED,NORTH
O0155,C0397,2026-03-10 16:49:40,DELIVERED,NORTH
O0156,,2025-12-01 11:22:51,RETURNED,WEST
O0157,C0934,2025-11-03 17:35:19,DELIVERED,SOUTH
O0158,C0988,2024-07-15 06:57:14,CANCELLED,SOUTH
O0159,C0077,2025-06-24 05:25:54,SHIPPED,NORTH
O0160,C0439,2025-05-01 06:01:17,DELIVERED,SOUTH
O0161,C0867,2025-07-02 14:43:05,DELIVERED,WEST
O0162,C0159,16-03-2026 16:10:39,DELIVERED,NORTH
O0163,C0641,2025-06-04 13:42:10,DELIVERED,WEST
O0164,C0564,2026-05-21 12:28:11,DELIVERED,SOUTH
O0165,C0534,2025-10-31 18:47:56,RETURNED,SOUTH
O0166,C0550,2025-10-31 00:31:40,DELIVERED,SOUTH
O0167,C0680,2024-09-23 17:11:27,DELIVERED,EAST
O0168,C0771,2025-03-27 20:08:36,CANCELLED,NORTH
O0169,C0355,2025-11-24 15:17:18,RETURNED,SOUTH
O0170,C0699,2026-07-05 07:04:55,CANCELLED,NORTH
O0171,C0554,2025-12-13 22:36:47,PLACED,EAST
O0172,C0521,2026-03-07 04:05:26,PLACED,EAST
O0173,C0198,2024-07-27 05:23:17,PLACED,NORTH
O0174,C0980,2025-06-24 17:50:16,RETURNED,NORTH
O0175,C0216,2025-08-12 18:46:50,SHIPPED,WEST
O0176,C0211,2025-03-18 23:12:25,CANCELLED,NORTH
O0177,C0158,06-10-2025 14:52:07,DELIVERED,NORTH
O0178,C0056,2024-12-03 13:20:43,DELIVERED,NORTH
O0179,C0234,2024-09-28 22:37:20,CANCELLED,WEST
O0180,C0415,2024-09-24 19:30:27,PLACED,WEST
O0181,C0548,16-07-2024 14:18:33,RETURNED,NORTH
O0182,C0600,12-10-2025 08:06:06,PLACED,EAST
O0183,C0109,2026-01-12 02:05:53,DELIVERED,NORTH
O0184,C0949,2024-08-28 12:21:13,CANCELLED,NORTH
O0185,C0547,2025-10-10 13:26:20,CANCELLED,EAST
O0186,C0148,2026-03-12 05:01:20,DELIVERED,NORTH
O0187,C0569,2026-04-21 02:29:55,PLACED,NORTH
O0188,C0404,2024-12-04 10:28:12,PLACED,EAST
O0189,C0760,2026-06-09 11:54:43,DELIVERED,SOUTH
O0190,C0662,2025-09-25 06:40:56,SHIPPED,SOUTH
O0191,C0632,2024-10-12 21:42:04,SHIPPED,NORTH
O0192,C0819,2025-11-14 02:33:17,PLACED,WEST
O0193,C0075,2025-08-06 07:46:48,PLACED,EAST
O0194,C0744,2025-01-22 02:45:10,DELIVERED,EAST
O0195,C0672,2025-04-09 02:12:21,DELIVERED,NORTH
O0196,C0326,2025-05-30 01:22:22,DELIVERED,EAST
O0197,C0157,2025-07-15 23:10:01,DELIVERED,EAST
O0198,C0173,20-01-2026 21:11:09,SHIPPED,SOUTH
O0199,C0657,2025-11-01 06:43:58,DELIVERED,SOUTH
O0200,C0340,2025-06-17 09:37:53,CANCELLED,WEST
O0201,C0313,2024-11-28 11:05:49,PLACED,SOUTH
O0202,C0084,2025-01-11 21:55:27,SHIPPED,SOUTH
O0203,C0908,2024-10-21 23:38:19,PLACED,NORTH
O0204,C0647,18-03-2026 02:52:02,RETURNED,WEST
O0205,C0218,2024-08-10 06:46:21,RETURNED,EAST
O0206,C0553,2024-08-23 00:52:15,SHIPPED,EAST
O0207,C0913,2024-10-14 05:22:31,DELIVERED,SOUTH
O0208,C0523,2025-03-06 03:07:29,DELIVERED,NORTH
O0209,C0869,2025-10-04 01:31:08,RETURNED,SOUTH
O0210,C0144,2025-06-10 14:01:53,SHIPPED,SOUTH
O0211,C0496,2025-08-09 14:35:26,PLACED,SOUTH
O0212,C0238,2025-11-25 05:53:41,DELIVERED,SOUTH
O0213,,2026-02-12 23:46:38,DELIVERED,WEST
O0214,C0466,2025-04-10 22:03:30,PLACED,EAST
O0215,C0992,2025-03-05 18:12:10,DELIVERED,EAST
O0216,C0584,2025-10-03 09:33:17,CANCELLED,EAST
O0217,C0920,2026-05-25 14:57:57,RETURNED,EAST
O0218,C0930,2025-08-31 08:53:00,CANCELLED,EAST
O0219,C0354,2026-03-01 09:31:14,CANCELLED,NORTH
O0220,C0143,2024-10-28 03:52:28,SHIPPED,NORTH
O0221,C0288,2024-10-29 13:08:15,SHIPPED,SOUTH
O0222,C0735,2025-07-06 17:47:27,SHIPPED,WEST
O0223,C0738,2025-03-03 19:20:30,CANCELLED,WEST
O0224,C0166,2025-10-18 16:06:37,CANCELLED,NORTH
O0225,C0131,2025-03-30 09:21:31,SHIPPED,SOUTH
O0226,C0041,2025-02-18 03:03:31,SHIPPED,NORTH
O0227,C0945,2025-04-19 12:43:22,CANCELLED,NORTH
O0228,C0746,2024-07-13 07:53:24,DELIVERED,NORTH
O0229,C0622,2025-08-13 03:29:57,CANCELLED,SOUTH
O0230,C0421,2025-10-05 13:15:57,RETURNED,SOUTH
O0231,C0524,2025-11-29 21:13:04,DELIVERED,WEST
O0232,C0071,2025-12-15 21:40:08,CANCELLED,SOUTH
O0233,C0208,2024-10-27 08:46:48,RETURNED,WEST
O0234,C0621,2024-08-20 13:42:43,CANCELLED,NORTH
O0235,C0545,2025-01-07 10:27:16,PLACED,NORTH
O0236,C0134,2025-08-04 22:24:33,RETURNED,NORTH
O0237,C0794,2026-04-04 07:55:34,CANCELLED,WEST
O0238,C0045,2026-04-16 18:01:21,CANCELLED,SOUTH
O0239,C0494,2025-09-14 14:08:09,CANCELLED,EAST
O0240,C0760,2026-05-05 00:36:10,RETURNED,NORTH
O0241,C0261,2024-08-18 11:11:14,SHIPPED,NORTH
O0242,C0898,2025-05-30 21:01:24,DELIVERED,SOUTH
O0243,,2025-03-31 02:25:49,PLACED,NORTH
O0244,C0385,2024-12-05 19:53:11,DELIVERED,WEST
O0245,C0159,2024-12-09 16:26:11,RETURNED,EAST
O0246,C0549,2025-11-16 14:02:25,DELIVERED,EAST
O0247,C0407,2026-06-12 16:54:18,CANCELLED,WEST
O0248,C0573,2024-12-10 09:00:53,DELIVERED,EAST
O0249,C0793,2026-03-08 23:36:43,SHIPPED,NORTH
O0250,C0458,2024-08-29 04:22:20,SHIPPED,NORTH
O0251,C0411,2025-03-29 08:13:22,RETURNED,NORTH
O0252,C0988,2024-12-01 03:04:38,PLACED,SOUTH
O0253,C0615,2025-12-07 19:02:56,PLACED,EAST
O0254,C0082,2025-07-11 13:23:29,CANCELLED,WEST
O0255,C0534,2025-12-28 16:54:03,RETURNED,NORTH
O0256,C0840,2025-12-26 10:05:04,CANCELLED,WEST
O0257,,2025-07-05 02:14:44,RETURNED,EAST
O0258,C0803,2025-10-15 21:36:47,RETURNED,SOUTH
O0259,C0691,26-12-2025 20:45:47,SHIPPED,NORTH
O0260,C0089,2025-03-21 06:13:54,CANCELLED,EAST
O0261,C0416,2026-04-29 19:49:35,RETURNED,NORTH
O0262,C0071,2025-09-29 07:35:29,RETURNED,EAST
O0263,C0573,2025-09-19 18:02:41,DELIVERED,EAST
O0264,C0284,2025-03-24 18:23:54,SHIPPED,WEST
O0265,C0589,28-10-2025 14:13:42,SHIPPED,WEST
O0266,C0573,2025-02-24 18:46:16,DELIVERED,EAST
O0267,C0823,2025-05-28 06:16:46,DELIVERED,EAST
O0268,C0990,2025-03-19 07:08:12,CANCELLED,SOUTH
O0269,C0985,2024-11-10 02:21:06,CANCELLED,NORTH
O0270,C0265,2024-09-26 11:44:24,SHIPPED,SOUTH
O0271,C0423,2025-06-24 22:02:18,RETURNED,NORTH
O0272,C0270,2026-05-18 13:01:24,PLACED,WEST
O0273,C0841,2026-03-12 00:49:38,RETURNED,SOUTH
O0274,C0363,2026-06-14 06:59:09,RETURNED,EAST
O0275,C0765,2024-08-08 19:45:08,SHIPPED,WEST
O0276,C0241,2025-07-27 06:03:05,DELIVERED,SOUTH
O0277,C0855,2024-12-24 11:15:20,RETURNED,EAST
O0278,C0110,2026-06-21 14:24:41,PLACED,WEST
O0279,C0783,2024-07-09 22:09:07,PLACED,WEST
O0280,C0323,2025-11-15 04:42:52,RETURNED,EAST
O0281,C0783,2024-12-27 06:43:21,DELIVERED,WEST
O0282,C0591,2025-12-27 11:48:05,RETURNED,WEST
O0283,C0554,01-01-2025 21:51:08,DELIVERED,WEST
O0284,C0795,2025-07-04 10:06:32,PLACED,WEST
O0285,C0009,03-11-2025 15:56:44,SHIPPED,WEST
O0286,C0334,2024-12-19 14:25:24,DELIVERED,SOUTH
O0287,C0243,2025-01-08 16:52:17,RETURNED,EAST
O0288,C0511,2025-07-15 10:59:32,CANCELLED,EAST
O0289,C0411,2026-01-28 14:54:44,SHIPPED,SOUTH
O0290,C0703,2026-02-23 20:17:09,PLACED,EAST
O0291,C0569,2026-03-31 19:27:36,CANCELLED,SOUTH
O0292,C0983,2025-03-21 13:07:23,CANCELLED,NORTH
O0293,C0512,2026-03-26 01:51:41,RETURNED,EAST
O0294,C0308,2026-02-01 21:21:02,RETURNED,NORTH
O0295,C0708,2025-04-25 00:44:15,SHIPPED,EAST
O0296,C0645,2024-12-13 12:36:28,DELIVERED,EAST
O0297,C0574,2025-05-13 23:36:02,DELIVERED,EAST
O0298,,2024-11-27 03:48:00,RETURNED,SOUTH
O0299,C0666,2026-04-09 16:33:41,SHIPPED,EAST
O0300,C0690,2024-07-12 06:36:14,CANCELLED,NORTH
O0301,C0294,2025-04-14 20:38:07,SHIPPED,SOUTH
O0302,C0951,2024-07-14 17:38:08,RETURNED,WEST
O0303,C0074,2024-09-02 07:40:55,DELIVERED,SOUTH
O0304,C0669,2025-04-11 00:43:28,DELIVERED,WEST
O0305,C0456,2024-07-30 08:48:07,DELIVERED,WEST
O0306,C0189,2025-09-10 21:26:04,SHIPPED,SOUTH
O0307,C0964,2024-10-04 12:31:03,PLACED,SOUTH
O0308,C0106,2024-10-25 15:47:55,CANCELLED,NORTH
O0309,,2025-02-17 17:58:00,PLACED,NORTH
O0310,C0160,2025-06-14 03:02:09,CANCELLED,EAST
O0311,C0756,2024-12-05 01:10:35,SHIPPED,SOUTH
O0312,C0175,09-11-2025 10:09:47,DELIVERED,EAST
O0313,C0479,2025-10-04 23:13:09,RETURNED,EAST
O0314,C0139,2026-06-15 23:21:29,RETURNED,SOUTH
O0315,C0468,2026-02-21 15:47:53,RETURNED,WEST
O0316,C0655,2025-04-12 14:25:41,DELIVERED,WEST
O0317,C0825,2024-08-10 03:40:43,DELIVERED,EAST
O0318,C0160,2024-07-30 02:36:46,PLACED,SOUTH
O0319,C0481,2024-12-08 17:09:10,CANCELLED,WEST
O0320,C0785,2024-12-07 16:57:31,DELIVERED,SOUTH
O0321,C0562,2025-02-12 17:15:28,CANCELLED,WEST
O0322,C0168,2024-11-19 07:33:42,CANCELLED,WEST
O0323,C0082,2024-12-24 02:39:53,SHIPPED,EAST
O0324,C0761,2026-05-25 17:57:16,DELIVERED,WEST
O0325,C0071,2025-01-26 13:14:46,DELIVERED,NORTH
O0326,C0633,2026-01-16 09:19:13,RETURNED,WEST
O0327,C0020,2024-11-19 10:07:57,RETURNED,NORTH
O0328,C0105,2025-03-27 23:53:26,SHIPPED,WEST
O0329,C0239,2026-04-26 08:24:57,PLACED,WEST
O0330,C0431,2025-09-10 17:57:18,CANCELLED,EAST
O0331,C0811,14-01-2025 02:20:23,PLACED,SOUTH
O0332,C0795,2024-11-22 17:29:13,RETURNED,WEST
O0333,C0918,2024-12-06 06:42:23,CANCELLED,NORTH
O0334,C0787,2024-07-23 17:52:26,CANCELLED,WEST
O0335,C0035,2024-11-20 19:33:16,PLACED,SOUTH
O0336,C0698,2026-04-22 17:40:55,DELIVERED,SOUTH
O0337,C0044,2025-01-26 09:19:36,RETURNED,NORTH
O0338,C0654,2026-06-14 08:57:37,DELIVERED,NORTH
O0339,C0224,2024-09-23 15:33:21,SHIPPED,WEST
O0340,C0172,2024-07-23 08:35:08,RETURNED,NORTH
O0341,C0249,13-04-2026 20:30:19,PLACED,WEST
O0342,C0159,2025-12-15 05:51:40,PLACED,SOUTH
O0343,C0094,2024-10-21 15:38:18,DELIVERED,NORTH
O0344,C0661,2025-04-27 08:51:56,RETURNED,NORTH
O0345,C0239,2025-11-27 16:52:48,RETURNED,EAST
O0346,C0450,2026-03-10 15:41:45,PLACED,WEST
O0347,C0138,2026-05-25 11:02:39,PLACED,WEST
O0348,C0573,2024-10-01 05:50:45,CANCELLED,SOUTH
O0349,C0557,2025-03-26 21:09:18,CANCELLED,EAST
O0350,C0614,2026-07-04 03:39:55,RETURNED,SOUTH
O0351,C0159,2024-12-17 08:20:32,DELIVERED,EAST
O0352,C0795,2025-03-01 00:11:41,CANCELLED,SOUTH
O0353,C0635,2025-06-26 09:29:11,RETURNED,SOUTH
O0354,C0065,2025-01-09 13:57:10,RETURNED,WEST
O0355,C0700,2025-04-20 03:50:05,RETURNED,SOUTH
O0356,C0331,2026-03-27 19:10:45,DELIVERED,NORTH
O0357,C0675,2025-04-22 06:20:43,SHIPPED,SOUTH
O0358,C0207,2025-12-02 09:27:54,SHIPPED,NORTH
O0359,,2024-11-17 03:36:42,CANCELLED,WEST
O0360,C0719,2025-08-20 07:51:35,PLACED,EAST
O0361,C0736,2026-03-19 16:05:55,SHIPPED,WEST
O0362,C0853,2025-11-03 02:35:38,PLACED,EAST
O0363,C0961,2026-05-22 20:38:16,DELIVERED,NORTH
O0364,C0273,2025-06-08 22:19:27,PLACED,EAST
O0365,C0222,2026-05-20 07:34:10,PLACED,NORTH
O0366,C0545,2026-01-10 06:09:20,SHIPPED,SOUTH
O0367,C0971,2024-08-26 19:57:32,RETURNED,WEST
O0368,C0785,2024-10-07 02:06:33,DELIVERED,WEST
O0369,C0438,2024-10-27 05:38:44,SHIPPED,SOUTH
O0370,C0517,2026-05-23 16:23:06,SHIPPED,WEST
O0371,C0925,2026-06-24 20:44:24,DELIVERED,EAST
O0372,C0649,2024-10-16 15:25:23,DELIVERED,SOUTH
O0373,C0220,2026-03-16 11:12:30,RETURNED,EAST
O0374,C0464,2024-12-01 08:24:01,CANCELLED,NORTH
O0375,C0292,2024-12-02 22:25:54,RETURNED,SOUTH
O0376,C0310,24-08-2025 16:46:22,SHIPPED,SOUTH
O0377,C0023,2025-04-26 19:18:33,DELIVERED,SOUTH
O0378,C0472,2025-12-28 08:55:42,SHIPPED,EAST
O0379,C0597,2025-04-23 17:51:29,DELIVERED,EAST
O0380,C0410,2025-03-11 00:16:52,SHIPPED,NORTH
O0381,C0812,2025-10-15 17:38:24,CANCELLED,NORTH
O0382,C0308,05-06-2025 16:26:33,RETURNED,WEST
O0383,C0058,2025-11-13 03:47:51,DELIVERED,EAST
O0384,C0445,2025-01-12 23:58:09,PLACED,SOUTH
O0385,C0870,2026-06-22 10:10:17,PLACED,WEST
O0386,C0537,11-08-2024 22:22:27,RETURNED,SOUTH
O0387,C0715,2026-02-19 18:07:12,PLACED,WEST
O0388,C0771,2025-10-28 12:49:40,RETURNED,NORTH
O0389,C0297,2025-10-06 05:46:53,SHIPPED,SOUTH
O0390,C0488,2024-11-30 22:21:12,PLACED,WEST
O0391,C0409,2026-05-01 17:03:52,SHIPPED,SOUTH
O0392,C0203,2025-08-26 23:05:13,RETURNED,SOUTH
O0393,C0754,2025-02-20 13:11:50,SHIPPED,NORTH
O0394,C0441,2026-03-12 08:13:00,RETURNED,NORTH
O0395,C0424,2024-10-30 10:43:18,DELIVERED,SOUTH
O0396,C0609,2025-03-18 13:38:34,DELIVERED,SOUTH
O0397,C0632,2025-01-15 00:50:49,CANCELLED,SOUTH
O0398,C0947,2024-08-17 10:03:10,SHIPPED,EAST
O0399,C0746,2025-11-07 23:12:08,PLACED,NORTH
O0400,C0636,2026-03-17 00:30:53,DELIVERED,NORTH
O0401,C0824,2025-02-09 14:10:42,CANCELLED,WEST
O0402,,2026-05-16 00:21:53,RETURNED,SOUTH
O0403,C0536,2024-10-13 06:35:29,RETURNED,WEST
O0404,C0145,2026-04-29 10:23:35,PLACED,WEST
O0405,C0680,2025-08-05 20:03:48,DELIVERED,SOUTH
O0406,C0206,2025-10-03 17:18:55,RETURNED,EAST
O0407,C0671,2026-05-26 02:22:53,PLACED,WEST
O0408,C0679,2025-07-21 20:40:47,DELIVERED,NORTH
O0409,,2024-12-16 13:42:16,CANCELLED,SOUTH
O0410,C0521,2026-01-22 23:03:40,PLACED,EAST
O0411,C0612,2024-09-08 06:46:59,SHIPPED,SOUTH
O0412,C0469,2026-03-08 12:27:12,PLACED,NORTH
O0413,C0543,2025-07-07 15:06:28,CANCELLED,WEST
O0414,C0019,2026-03-13 10:29:25,DELIVERED,EAST
O0415,C0242,2025-12-04 09:48:39,RETURNED,EAST
O0416,C0641,2025-10-27 15:32:52,CANCELLED,NORTH
O0417,C0972,2024-08-26 10:33:17,SHIPPED,EAST
O0418,C0673,2024-11-14 02:25:15,CANCELLED,SOUTH
O0419,C0587,2025-08-06 02:28:55,DELIVERED,EAST
O0420,C0135,2025-05-04 12:14:14,SHIPPED,SOUTH
O0421,C0317,2026-02-10 14:37:49,RETURNED,SOUTH
O0422,C0931,2026-05-23 10:46:24,SHIPPED,SOUTH
O0423,C0571,2025-11-20 02:14:20,PLACED,SOUTH
O0424,C0901,2026-02-10 11:25:42,PLACED,EAST
O0425,C0424,2025-08-06 12:38:10,DELIVERED,WEST
O0426,C0842,2025-04-23 18:03:33,DELIVERED,SOUTH
O0427,C0110,2025-07-29 07:35:00,PLACED,EAST
O0428,C0628,2025-08-14 02:05:18,SHIPPED,SOUTH
O0429,C0368,2025-07-02 15:48:10,CANCELLED,SOUTH
O0430,C0620,2024-11-23 02:00:28,DELIVERED,SOUTH
O0431,C0504,2025-03-14 00:27:05,SHIPPED,SOUTH
O0432,C0419,2026-01-11 10:57:05,PLACED,EAST
O0433,C0228,2025-04-23 10:50:17,SHIPPED,SOUTH
O0434,C0950,2025-08-19 04:48:36,CANCELLED,WEST
O0435,C0888,2025-12-28 11:49:56,SHIPPED,WEST
O0436,C0043,2025-07-17 10:32:37,CANCELLED,EAST
O0437,C0962,2026-01-13 21:54:50,RETURNED,NORTH
O0438,C0463,2025-07-26 08:49:31,PLACED,SOUTH
O0439,C0406,2025-07-10 00:43:32,PLACED,WEST
O0440,C0646,2025-01-31 11:22:08,SHIPPED,EAST
O0441,C0906,2025-10-01 11:20:19,DELIVERED,WEST
O0442,C0302,2025-05-14 11:24:36,PLACED,SOUTH
O0443,C0662,2025-11-14 16:23:02,RETURNED,NORTH
O0444,C0600,2026-06-22 13:22:14,RETURNED,SOUTH
O0445,C0332,2026-03-13 03:32:31,SHIPPED,WEST
O0446,C0730,2025-10-03 15:27:31,CANCELLED,NORTH
O0447,C0709,2025-11-23 17:12:50,SHIPPED,NORTH
O0448,C0724,2024-08-04 11:35:26,DELIVERED,NORTH
O0449,C0394,2024-12-14 23:42:50,RETURNED,SOUTH
O0450,C0390,24-12-2024 13:30:00,SHIPPED,EAST
O0451,C0676,2026-06-02 03:05:31,SHIPPED,SOUTH
O0452,C0730,2024-12-11 17:26:13,DELIVERED,EAST
O0453,C0985,2025-06-23 04:37:00,SHIPPED,NORTH
O0454,C0984,2026-05-08 11:51:22,RETURNED,EAST
O0455,,2025-01-05 02:28:44,CANCELLED,NORTH
O0456,C0506,2025-05-10 13:20:38,RETURNED,WEST
O0457,C0453,2024-12-23 20:06:57,RETURNED,NORTH
O0458,C0561,2025-03-01 17:28:08,RETURNED,SOUTH
O0459,,2025-06-02 04:14:01,DELIVERED,NORTH
O0460,C0034,2026-05-28 07:58:07,RETURNED,EAST
O0461,C0090,25-04-2025 22:34:10,CANCELLED,SOUTH
O0462,C0292,2025-09-23 20:20:58,RETURNED,SOUTH
O0463,C0768,2024-11-06 03:49:40,PLACED,NORTH
O0464,C0331,2026-07-03 16:11:49,CANCELLED,NORTH
O0465,C0864,2026-04-22 09:17:48,DELIVERED,WEST
O0466,C0712,2025-04-23 15:06:00,DELIVERED,WEST
O0467,C0713,2025-01-20 18:00:09,PLACED,NORTH
O0468,C0645,2025-09-07 16:15:58,PLACED,WEST
O0469,C0620,2024-09-10 21:15:15,DELIVERED,WEST
O0470,C0325,2024-10-19 09:19:55,RETURNED,EAST
O0471,C0630,2026-02-10 20:29:50,RETURNED,WEST
O0472,C0185,2024-09-10 07:37:54,SHIPPED,EAST
O0473,C0002,2025-02-21 05:19:38,CANCELLED,NORTH
O0474,C0213,2025-06-17 07:24:47,CANCELLED,WEST
O0475,,2025-08-14 00:45:10,SHIPPED,NORTH
O0476,C0707,2025-04-06 03:03:56,PLACED,EAST
O0477,C0564,2025-01-01 20:03:16,PLACED,NORTH
O0478,C0350,2025-10-03 15:04:42,RETURNED,NORTH
O0479,C0199,2024-08-08 00:11:35,DELIVERED,WEST
O0480,C0817,03-07-2025 10:10:48,SHIPPED,WEST
O0481,C0472,2025-08-08 22:29:27,RETURNED,EAST
O0482,C0834,2025-11-01 11:51:29,PLACED,EAST
O0483,C0695,2025-03-25 07:41:56,RETURNED,NORTH
O0484,C0702,2025-06-03 00:21:25,DELIVERED,NORTH
O0485,C0288,2025-06-22 11:18:05,DELIVERED,WEST
O0486,C0863,2025-07-05 05:00:56,RETURNED,WEST
O0487,C0120,2025-06-07 23:43:24,DELIVERED,EAST
O0488,C0279,2025-05-20 16:39:57,CANCELLED,SOUTH
O0489,C0850,2025-04-18 12:09:09,SHIPPED,EAST
O0490,C0384,2026-03-23 22:17:01,SHIPPED,NORTH
O0491,C0026,2025-07-28 12:06:30,RETURNED,SOUTH
O0492,C0946,2025-03-10 06:55:21,RETURNED,EAST
O0493,C0147,2025-02-04 02:41:07,PLACED,SOUTH
O0494,C0038,2025-04-30 01:08:39,RETURNED,NORTH
O0495,,2024-07-26 06:00:51,RETURNED,NORTH
O0496,C0911,23-11-2024 12:34:53,RETURNED,EAST
O0497,,2025-06-15 02:54:14,SHIPPED,EAST
O0498,C0294,2025-01-04 15:24:09,DELIVERED,WEST
O0499,C0280,2025-01-29 08:50:24,DELIVERED,NORTH
O0500,,2025-11-20 07:31:12,RETURNED,NORTH
O0501,C0359,2024-09-03 23:53:48,DELIVERED,SOUTH
O0502,C0824,2025-04-11 23:12:39,SHIPPED,SOUTH
O0503,C0628,2026-06-07 05:57:41,RETURNED,WEST
O0504,C0030,2024-09-09 01:37:33,PLACED,NORTH
O0505,C0089,2025-02-20 19:26:37,SHIPPED,WEST
O0506,C0320,2026-04-22 12:29:57,SHIPPED,NORTH
O0507,C0774,2025-07-31 18:48:34,RETURNED,SOUTH
O0508,C0822,2025-08-09 08:21:01,CANCELLED,NORTH
O0509,C0701,2025-09-04 15:33:48,CANCELLED,WEST
O0510,C0230,2025-11-18 23:49:16,RETURNED,EAST
O0511,C0402,2024-09-05 18:13:23,DELIVERED,EAST
O0512,C0031,2026-03-09 10:58:25,PLACED,EAST
O0513,C0867,2025-02-06 18:10:05,DELIVERED,SOUTH
O0514,C0416,2026-06-26 18:25:11,PLACED,EAST
O0515,C0073,2024-12-30 22:38:40,RETURNED,WEST
O0516,C0424,2024-09-21 11:42:44,SHIPPED,SOUTH
O0517,C0394,2024-10-07 03:52:19,SHIPPED,WEST
O0518,C0446,2024-08-31 11:16:09,DELIVERED,SOUTH
O0519,C0686,2025-04-12 20:32:09,RETURNED,WEST
O0520,C0611,2024-08-05 18:51:01,RETURNED,NORTH
O0521,C0181,2025-09-04 03:53:49,CANCELLED,NORTH
O0522,C0702,2024-12-09 15:13:09,CANCELLED,EAST
O0523,C0677,2025-03-23 06:55:50,SHIPPED,SOUTH
O0524,C0925,2024-12-06 18:59:12,PLACED,SOUTH
O0525,C0464,2025-12-13 10:08:46,CANCELLED,WEST
O0526,C0698,2025-03-19 18:44:10,DELIVERED,EAST
O0527,C0960,2025-01-17 06:00:43,DELIVERED,NORTH
O0528,C0627,2025-02-27 04:15:39,CANCELLED,SOUTH
O0529,C0064,2026-02-05 20:58:47,RETURNED,NORTH
O0530,,2026-04-01 12:27:46,DELIVERED,NORTH
O0531,C0887,23-02-2026 22:47:32,CANCELLED,WEST
O0532,C0729,2025-12-19 23:19:48,CANCELLED,WEST
O0533,C0679,2026-04-24 17:31:51,SHIPPED,SOUTH
O0534,C0864,2025-02-05 05:37:25,CANCELLED,SOUTH
O0535,C0894,2024-12-02 03:03:58,SHIPPED,NORTH
O0536,C0017,2026-01-06 03:21:56,CANCELLED,WEST
O0537,C0140,2025-10-19 05:14:39,CANCELLED,WEST
O0538,C0713,2024-10-22 03:13:32,CANCELLED,SOUTH
O0539,C0435,2026-05-02 03:34:26,CANCELLED,WEST
O0540,C0191,2026-02-11 10:40:33,PLACED,WEST
O0541,C0243,2026-01-14 07:53:46,DELIVERED,WEST
O0542,C0591,2026-02-01 16:29:48,PLACED,WEST
O0543,C0116,2025-09-01 21:49:45,PLACED,SOUTH
O0544,C0540,2026-06-15 17:16:36,DELIVERED,WEST
O0545,C0536,2025-01-25 21:09:04,PLACED,SOUTH
O0546,C0760,2024-07-13 16:18:59,PLACED,EAST
O0547,C0926,2026-02-25 04:29:32,PLACED,WEST
O0548,C0928,2025-02-24 15:50:11,DELIVERED,WEST
O0549,C0818,2025-02-10 23:12:36,SHIPPED,NORTH
O0550,C0612,2026-04-06 18:10:54,RETURNED,EAST
O0551,C0485,2025-04-02 06:55:44,RETURNED,NORTH
O0552,C0299,2026-03-07 07:48:08,RETURNED,NORTH
O0553,C0085,2025-05-16 16:49:07,PLACED,EAST
O0554,C0631,2025-05-18 05:07:11,DELIVERED,NORTH
O0555,C0619,2026-04-06 09:50:20,RETURNED,SOUTH
O0556,C0379,2025-09-30 12:21:20,DELIVERED,SOUTH
O0557,C0819,2026-02-15 15:45:45,PLACED,EAST
O0558,C0991,2025-11-28 01:04:10,SHIPPED,WEST
O0559,C0423,2024-07-16 06:53:33,SHIPPED,WEST
O0560,C0172,2025-07-08 16:01:32,DELIVERED,NORTH
O0561,C0774,2025-11-27 02:22:27,PLACED,SOUTH
O0562,C0488,2025-08-09 05:39:56,RETURNED,SOUTH
O0563,C0723,2026-02-18 06:17:39,DELIVERED,SOUTH
O0564,C0446,31-10-2024 00:02:08,CANCELLED,WEST
O0565,C0985,2026-05-10 06:41:29,PLACED,NORTH
O0566,C0653,2025-05-11 19:16:09,CANCELLED,EAST
O0567,C0274,2024-12-30 19:36:15,DELIVERED,WEST
O0568,C0692,2024-12-30 07:26:47,RETURNED,SOUTH
O0569,C0694,2026-01-19 21:11:30,SHIPPED,EAST
O0570,C0689,08-02-2026 22:09:39,PLACED,NORTH
O0571,C0538,2024-12-17 01:35:15,CANCELLED,EAST
O0572,C0291,2025-07-10 13:24:13,PLACED,NORTH
O0573,C0059,2025-01-04 14:08:58,SHIPPED,NORTH
O0574,C0123,2025-08-11 16:54:54,RETURNED,SOUTH
O0575,C0783,2025-10-05 23:46:28,RETURNED,SOUTH
O0576,C0713,2026-03-09 12:51:46,DELIVERED,WEST
O0577,C0078,2025-09-09 06:43:42,DELIVERED,WEST
O0578,C0684,2026-02-15 12:19:05,DELIVERED,EAST
O0579,C0076,2025-07-06 03:08:57,PLACED,WEST
O0580,C0062,2026-01-19 05:48:09,DELIVERED,SOUTH
O0581,C0504,2026-03-31 14:42:26,SHIPPED,WEST
O0582,C0504,2025-06-30 10:22:27,RETURNED,WEST
O0583,C0659,2025-03-28 15:35:17,CANCELLED,EAST
O0584,C0075,2026-03-14 03:35:49,DELIVERED,WEST
O0585,,2024-09-11 18:04:32,PLACED,NORTH
O0586,C0273,2025-03-07 05:22:17,DELIVERED,WEST
O0587,C0528,2026-04-25 00:07:10,CANCELLED,WEST
O0588,C0865,2024-11-29 22:56:49,PLACED,SOUTH
O0589,,2025-06-05 02:30:50,CANCELLED,NORTH
O0590,C0958,2026-02-25 05:31:01,DELIVERED,EAST
O0591,C0648,2025-12-31 03:48:06,PLACED,EAST
O0592,C0984,2025-05-27 11:29:59,CANCELLED,EAST
O0593,C0181,2024-12-16 20:10:35,CANCELLED,SOUTH
O0594,C0400,2025-06-12 18:50:11,DELIVERED,WEST
O0595,C0648,2025-06-21 13:19:06,SHIPPED,SOUTH
O0596,,30-04-2026 13:15:52,RETURNED,SOUTH
O0597,C0065,2025-09-13 19:26:12,DELIVERED,WEST
O0598,C0855,2024-07-30 10:24:51,PLACED,NORTH
O0599,C0346,2025-04-24 02:09:03,PLACED,WEST
O0600,C0827,2024-10-22 23:27:12,RETURNED,WEST
O0601,C0892,2025-09-28 14:46:16,SHIPPED,SOUTH
O0602,C0038,2026-05-16 17:07:05,CANCELLED,NORTH
O0603,C0941,2024-10-14 17:46:11,SHIPPED,SOUTH
O0604,,2025-03-01 09:30:26,DELIVERED,NORTH
O0605,C0175,2026-01-31 02:55:00,PLACED,NORTH
O0606,C0610,2024-07-14 13:42:12,SHIPPED,NORTH
O0607,C0437,2025-07-30 06:11:05,CANCELLED,EAST
O0608,C0701,2026-03-28 12:12:37,SHIPPED,EAST
O0609,C0813,2025-11-30 19:03:10,PLACED,SOUTH
O0610,C0124,2026-04-16 01:41:31,CANCELLED,SOUTH
O0611,C0567,2025-04-08 12:37:14,SHIPPED,NORTH
O0612,C0811,2025-03-27 23:58:45,RETURNED,WEST
O0613,C0017,2024-12-29 04:41:01,PLACED,NORTH
O0614,,2025-05-28 14:42:21,RETURNED,EAST
O0615,C0827,2025-06-02 17:13:02,CANCELLED,SOUTH
O0616,C0656,2025-12-21 16:46:43,CANCELLED,WEST
O0617,C0179,2026-02-11 15:12:09,PLACED,SOUTH
O0618,C0627,2025-05-16 08:34:17,DELIVERED,EAST
O0619,C0572,2026-02-19 13:37:52,PLACED,NORTH
O0620,C0884,2026-03-03 20:11:55,RETURNED,SOUTH
O0621,C0642,2025-12-25 09:26:00,DELIVERED,NORTH
O0622,C0816,2025-08-28 14:53:55,CANCELLED,WEST
O0623,C0687,2025-02-24 18:52:33,PLACED,EAST
O0624,C0446,2025-03-17 07:47:46,RETURNED,WEST
O0625,,2025-10-05 22:52:10,RETURNED,SOUTH
O0626,C0030,2024-07-25 02:27:20,PLACED,NORTH
O0627,C0739,2025-09-20 21:38:37,RETURNED,EAST
O0628,C0766,2026-03-09 01:21:51,DELIVERED,SOUTH
O0629,C0334,2024-08-01 01:39:09,SHIPPED,WEST
O0630,C0385,2026-06-23 07:14:50,PLACED,WEST
O0631,C0056,2024-10-23 02:53:35,SHIPPED,SOUTH
O0632,C0466,2024-11-03 10:14:45,DELIVERED,SOUTH
O0633,C0199,2025-03-20 13:32:58,DELIVERED,SOUTH
O0634,C0033,2025-09-21 09:04:45,PLACED,EAST
O0635,C0873,2025-11-08 06:17:21,CANCELLED,SOUTH
O0636,C0226,2026-03-19 18:23:26,RETURNED,SOUTH
O0637,C0654,2025-10-18 10:01:12,SHIPPED,SOUTH
O0638,C0878,2026-06-16 18:48:32,SHIPPED,WEST
O0639,C0286,22-10-2025 04:08:29,CANCELLED,SOUTH
O0640,C0445,2025-09-25 19:06:30,RETURNED,SOUTH
O0641,C0920,11-05-2026 10:15:18,PLACED,NORTH
O0642,C0752,2025-05-06 15:52:28,PLACED,WEST
O0643,C0491,2025-04-29 05:31:36,PLACED,WEST
O0644,C0086,2024-12-12 15:53:00,PLACED,WEST
O0645,C0136,2025-05-06 11:13:09,SHIPPED,NORTH
O0646,,2024-08-25 12:51:36,SHIPPED,WEST
O0647,C0766,2025-08-26 04:51:36,CANCELLED,WEST
O0648,C0896,2025-05-03 04:52:57,SHIPPED,EAST
O0649,C0721,2024-11-30 08:07:15,PLACED,WEST
O0650,C0341,2025-07-10 19:43:50,DELIVERED,WEST
O0651,C0715,2024-09-29 10:23:57,RETURNED,SOUTH
O0652,C0083,2025-03-19 11:16:51,DELIVERED,NORTH
O0653,C0932,2025-09-22 09:45:46,PLACED,NORTH
O0654,C0477,2025-06-22 18:27:43,DELIVERED,EAST
O0655,C0573,2025-11-15 09:07:06,RETURNED,SOUTH
O0656,C0343,2026-06-02 00:28:00,PLACED,WEST
O0657,C0771,2025-02-28 16:14:12,SHIPPED,SOUTH
O0658,C0920,2024-09-17 11:22:52,CANCELLED,EAST
O0659,C0382,2024-11-17 04:48:08,CANCELLED,NORTH
O0660,C0545,2024-09-26 01:46:19,RETURNED,EAST
O0661,C0377,2025-12-13 06:00:42,PLACED,SOUTH
O0662,C0469,2025-09-09 12:09:46,CANCELLED,SOUTH
O0663,C0980,2024-11-22 00:36:37,SHIPPED,EAST
O0664,C0152,2024-07-31 22:51:34,SHIPPED,NORTH
O0665,C0993,2026-04-09 23:50:27,SHIPPED,WEST
O0666,C0455,2025-12-24 05:34:55,PLACED,EAST
O0667,C0023,2025-10-18 16:45:07,SHIPPED,EAST
O0668,C0352,2025-07-21 13:38:46,DELIVERED,WEST
O0669,C0714,2024-07-27 21:32:22,RETURNED,WEST
O0670,C0581,2024-11-29 01:25:36,DELIVERED,SOUTH
O0671,C0233,2024-12-08 14:50:20,DELIVERED,NORTH
O0672,C0292,2024-08-30 00:38:25,SHIPPED,SOUTH
O0673,C0293,2026-06-14 21:56:29,SHIPPED,SOUTH
O0674,C0120,02-05-2025 18:49:16,DELIVERED,SOUTH
O0675,C0379,2025-02-12 11:58:39,RETURNED,NORTH
O0676,C0353,2024-12-13 23:20:39,CANCELLED,SOUTH
O0677,C0125,2025-01-04 01:24:12,CANCELLED,WEST
O0678,C0971,2025-02-18 03:50:02,DELIVERED,SOUTH
O0679,,2025-12-01 08:30:27,RETURNED,EAST
O0680,C0303,2025-08-18 08:40:40,DELIVERED,SOUTH
O0681,C0747,2024-08-30 09:44:41,CANCELLED,EAST
O0682,C0750,2025-06-25 04:46:44,PLACED,SOUTH
O0683,C0120,2024-08-20 16:14:18,CANCELLED,SOUTH
O0684,C0095,2025-04-19 09:24:35,RETURNED,SOUTH
O0685,C0228,2025-08-13 19:21:53,DELIVERED,SOUTH
O0686,,2024-07-15 15:09:58,CANCELLED,NORTH
O0687,C0404,2024-11-17 12:17:49,DELIVERED,NORTH
O0688,C0370,2025-03-17 20:42:23,CANCELLED,EAST
O0689,C0013,2026-05-05 19:20:24,DELIVERED,EAST
O0690,C0896,2026-06-13 17:22:00,SHIPPED,WEST
O0691,C0426,2025-05-22 04:14:31,DELIVERED,SOUTH
O0692,C0994,2025-05-06 19:57:51,CANCELLED,SOUTH
O0693,C0613,2024-11-06 00:35:11,SHIPPED,EAST
O0694,C0889,2024-10-01 01:39:01,DELIVERED,NORTH
O0695,C0605,2024-10-15 08:32:03,PLACED,NORTH
O0696,C0937,2025-08-27 17:26:33,SHIPPED,WEST
O0697,C0774,2025-05-28 01:01:15,SHIPPED,SOUTH
O0698,C0297,2025-07-13 12:28:51,PLACED,EAST
O0699,C0312,2026-02-04 06:25:07,CANCELLED,SOUTH
O0700,,29-08-2024 11:04:07,DELIVERED,EAST
O0701,C0855,2025-05-05 04:35:12,PLACED,EAST
O0702,C0504,2026-06-08 21:19:31,SHIPPED,NORTH
O0703,C0284,2026-05-10 11:02:30,PLACED,EAST
O0704,C0580,2024-12-14 10:17:38,DELIVERED,WEST
O0705,C0838,2024-10-15 23:20:48,RETURNED,NORTH
O0706,C0167,2026-05-14 03:34:49,SHIPPED,EAST
O0707,C0710,2024-12-13 19:19:51,SHIPPED,NORTH
O0708,C0430,2025-03-04 15:31:33,DELIVERED,NORTH
O0709,C0543,2025-06-07 18:02:17,PLACED,SOUTH
O0710,C0188,2026-04-03 07:55:19,RETURNED,SOUTH
O0711,C0894,2026-01-09 06:28:16,DELIVERED,EAST
O0712,C0705,2025-12-05 09:52:00,RETURNED,EAST
O0713,C0014,2025-07-10 19:46:29,DELIVERED,EAST
O0714,C0422,2024-11-07 09:07:50,SHIPPED,NORTH
O0715,C0516,2025-10-18 23:11:36,SHIPPED,NORTH
O0716,C0939,2025-09-26 17:42:50,SHIPPED,NORTH
O0717,C0320,2026-07-06 12:20:16,SHIPPED,WEST
O0718,C0612,2025-03-05 01:54:03,DELIVERED,SOUTH
O0719,C0030,2025-10-06 08:52:38,PLACED,SOUTH
O0720,C0711,2024-12-11 16:55:17,SHIPPED,EAST
O0721,C0134,2025-08-01 08:02:48,CANCELLED,NORTH
O0722,C0794,2026-01-14 18:49:58,CANCELLED,NORTH
O0723,C0034,2025-12-20 23:30:02,RETURNED,NORTH
O0724,C0931,2025-06-28 12:48:06,PLACED,EAST
O0725,C0773,2025-02-05 23:49:32,PLACED,SOUTH
O0726,C0205,2024-12-10 17:14:42,DELIVERED,NORTH
O0727,C0867,2024-07-12 19:59:12,DELIVERED,EAST
O0728,C0876,2024-10-25 21:12:18,RETURNED,SOUTH
O0729,C0070,2025-06-18 06:16:21,RETURNED,NORTH
O0730,C0733,2024-08-25 17:43:17,DELIVERED,SOUTH
O0731,C0551,08-04-2026 12:34:04,PLACED,SOUTH
O0732,C0872,2025-05-13 03:32:56,DELIVERED,SOUTH
O0733,C0981,2025-10-19 20:25:43,DELIVERED,WEST
O0734,C0527,2026-03-26 07:21:06,PLACED,EAST
O0735,C0113,2025-01-14 18:40:01,CANCELLED,EAST
O0736,C0571,2025-08-19 11:54:33,PLACED,EAST
O0737,C0395,2025-03-19 12:12:53,RETURNED,EAST
O0738,C0862,2026-06-14 02:30:10,RETURNED,WEST
O0739,C0876,2025-09-22 04:25:57,PLACED,WEST
O0740,C0377,2026-05-20 23:26:37,CANCELLED,NORTH
O0741,C0536,2025-07-23 09:21:56,PLACED,NORTH
O0742,C0411,2025-06-29 12:04:06,PLACED,SOUTH
O0743,C0999,2025-07-01 10:30:07,SHIPPED,WEST
O0744,C0859,2025-09-27 13:07:35,CANCELLED,EAST
O0745,C0785,2024-08-06 09:49:36,DELIVERED,WEST
O0746,C0683,2026-01-30 17:19:43,CANCELLED,WEST
O0747,C0151,2024-09-15 19:30:38,PLACED,NORTH
O0748,C0510,2025-02-15 16:17:53,SHIPPED,NORTH
O0749,C0055,2025-11-21 01:07:21,CANCELLED,NORTH
O0750,C0392,2026-05-22 08:09:12,DELIVERED,SOUTH
O0751,C0639,2026-06-20 18:41:38,PLACED,WEST
O0752,C0207,2025-06-26 11:24:20,CANCELLED,WEST
O0753,C0556,2025-04-02 09:42:56,RETURNED,NORTH
O0754,C0033,2026-01-02 00:04:48,PLACED,WEST
O0755,C0874,2026-04-22 13:10:18,CANCELLED,NORTH
O0756,,2026-01-10 19:18:45,DELIVERED,SOUTH
O0757,C0138,2026-03-14 11:38:53,CANCELLED,WEST
O0758,C0583,2025-02-23 02:04:47,RETURNED,WEST
O0759,C0875,2025-05-06 19:41:11,PLACED,WEST
O0760,C0606,2025-10-26 04:53:40,RETURNED,EAST
O0761,C0292,2026-04-07 15:04:26,PLACED,NORTH
O0762,C0376,2026-03-28 04:26:38,RETURNED,NORTH
O0763,C0641,2026-04-28 03:28:19,PLACED,WEST
O0764,C0366,2024-11-20 01:49:27,PLACED,SOUTH
O0765,C0664,2025-05-25 10:22:40,PLACED,NORTH
O0766,C0118,2025-01-16 13:26:35,PLACED,EAST
O0767,,2024-11-23 12:48:43,CANCELLED,WEST
O0768,C0713,2026-06-06 01:47:24,PLACED,EAST
O0769,C0400,2025-10-29 20:40:36,PLACED,WEST
O0770,C0692,2026-01-27 13:53:29,CANCELLED,EAST
O0771,C0307,2025-06-07 15:43:31,CANCELLED,SOUTH
O0772,C0868,2025-06-27 15:46:08,PLACED,SOUTH
O0773,C0049,2025-05-01 19:54:31,RETURNED,WEST
O0774,C0640,2026-06-14 12:23:35,PLACED,NORTH
O0775,C0280,2025-11-30 23:22:33,RETURNED,WEST
O0776,C0356,2024-11-26 12:53:00,DELIVERED,EAST
O0777,C0553,2025-12-31 14:37:41,CANCELLED,WEST
O0778,C0528,2025-09-21 16:59:25,RETURNED,SOUTH
O0779,C0643,2024-09-19 06:07:10,SHIPPED,WEST
O0780,C0986,2025-05-08 17:33:42,CANCELLED,EAST
O0781,C0546,2025-12-31 16:54:56,CANCELLED,NORTH
O0782,C0374,2024-08-09 23:11:53,SHIPPED,SOUTH
O0783,C0784,2025-01-09 05:28:37,CANCELLED,WEST
O0784,C0851,2026-05-25 20:55:46,SHIPPED,WEST
O0785,C0294,2026-05-14 05:16:04,DELIVERED,SOUTH
O0786,C0117,2024-11-06 17:18:13,PLACED,SOUTH
O0787,C0318,2025-02-04 16:47:35,RETURNED,WEST
O0788,C0928,23-05-2026 13:16:00,SHIPPED,EAST
O0789,C0265,2025-11-06 21:33:11,DELIVERED,SOUTH
O0790,C0044,2025-08-28 17:23:16,CANCELLED,NORTH
O0791,C0919,2025-02-18 18:26:59,RETURNED,EAST
O0792,C0923,2025-12-06 20:37:10,DELIVERED,NORTH
O0793,C0860,2026-06-18 18:14:07,SHIPPED,SOUTH
O0794,C0753,2024-08-27 21:25:45,PLACED,EAST
O0795,C0093,2025-12-31 05:43:00,PLACED,EAST
O0796,C0599,2026-01-22 08:52:44,SHIPPED,WEST
O0797,C0110,2026-01-19 03:55:14,DELIVERED,WEST
O0798,C0884,2026-06-07 20:06:28,CANCELLED,EAST
O0799,C0116,2024-12-22 19:09:28,CANCELLED,WEST
O0800,C0987,2026-06-12 21:18:33,SHIPPED,EAST
O0801,C0377,2025-07-25 08:30:31,PLACED,NORTH
O0802,C0679,2025-05-22 12:00:50,PLACED,SOUTH
O0803,C0394,2026-02-18 19:20:53,DELIVERED,NORTH
O0804,C0243,2025-09-09 10:37:04,CANCELLED,NORTH
O0805,C0403,2024-10-09 05:08:10,DELIVERED,EAST
O0806,C0843,2025-04-19 10:53:51,DELIVERED,SOUTH
O0807,C0165,2024-09-04 11:55:26,DELIVERED,WEST
O0808,C0281,2026-02-13 18:51:06,CANCELLED,WEST
O0809,C0949,2024-09-26 18:45:41,CANCELLED,NORTH
O0810,C0716,2025-08-02 19:50:05,PLACED,EAST
O0811,C0747,2026-02-22 10:33:27,DELIVERED,WEST
O0812,C0781,2026-03-04 12:21:54,SHIPPED,WEST
O0813,C0140,17-03-2025 06:33:32,SHIPPED,EAST
O0814,C0085,2025-05-21 13:58:42,SHIPPED,SOUTH
O0815,C0703,2025-06-22 07:17:22,DELIVERED,WEST
O0816,C0753,2024-11-12 02:03:26,SHIPPED,EAST
O0817,C0204,2025-01-19 09:08:41,DELIVERED,SOUTH
O0818,C0387,2024-12-15 02:55:46,RETURNED,SOUTH
O0819,,04-08-2025 02:57:39,RETURNED,SOUTH
O0820,C0998,2024-08-10 17:17:36,DELIVERED,SOUTH
O0821,,2025-07-01 00:39:36,RETURNED,EAST
O0822,C0982,2024-07-27 19:17:27,RETURNED,NORTH
O0823,,2024-09-01 21:41:47,CANCELLED,WEST
O0824,C0731,2025-11-15 06:34:14,DELIVERED,EAST
O0825,C0392,2025-12-28 11:23:08,SHIPPED,SOUTH
O0826,C0290,2025-12-13 19:44:30,SHIPPED,WEST
O0827,C0812,2026-02-09 09:19:41,DELIVERED,EAST
O0828,C0462,2025-06-30 19:44:51,DELIVERED,WEST
O0829,C0481,2025-04-29 02:29:18,DELIVERED,WEST
O0830,C0731,2025-03-30 23:28:39,CANCELLED,EAST
O0831,C0571,2026-02-06 10:53:17,DELIVERED,SOUTH
O0832,C0363,2025-05-13 05:30:17,RETURNED,NORTH
O0833,,2026-05-02 18:00:04,CANCELLED,EAST
O0834,C0688,2024-12-05 01:10:44,RETURNED,NORTH
O0835,C0267,2025-05-11 03:46:44,CANCELLED,EAST
O0836,C0136,2024-08-05 09:24:15,RETURNED,WEST
O0837,C0120,2024-07-15 09:23:33,SHIPPED,WEST
O0838,C0855,2025-01-17 16:51:47,DELIVERED,WEST
O0839,C0898,2024-10-04 03:04:27,DELIVERED,EAST
O0840,C0169,2026-01-08 19:48:29,CANCELLED,SOUTH
O0841,C0946,2026-06-19 09:54:21,CANCELLED,NORTH
O0842,C0056,2024-10-21 01:24:57,PLACED,WEST
O0843,C0723,2025-03-18 03:00:45,PLACED,WEST
O0844,,2025-12-09 16:26:55,RETURNED,WEST
O0845,C0116,2026-02-08 13:33:58,SHIPPED,NORTH
O0846,C0209,2025-07-02 15:23:52,SHIPPED,SOUTH
O0847,C0843,2025-07-18 13:48:02,RETURNED,SOUTH
O0848,C0995,30-06-2025 09:33:05,RETURNED,SOUTH
O0849,C0079,2024-08-29 01:16:00,CANCELLED,NORTH
O0850,C0027,2024-09-09 04:03:05,PLACED,WEST
O0851,C0952,2025-09-06 00:40:57,DELIVERED,SOUTH
O0852,,2025-11-29 09:01:21,CANCELLED,WEST
O0853,C0276,2025-01-11 05:54:49,PLACED,EAST
O0854,C0672,2026-01-12 07:21:27,CANCELLED,EAST
O0855,C0752,2025-06-12 00:59:38,RETURNED,SOUTH
O0856,C0050,2024-10-23 23:47:25,DELIVERED,EAST
O0857,C0762,2025-07-07 17:21:10,RETURNED,WEST
O0858,C0262,2026-04-05 07:05:44,CANCELLED,NORTH
O0859,,2025-02-08 20:48:55,CANCELLED,WEST
O0860,C0771,2026-04-21 17:05:46,SHIPPED,NORTH
O0861,C0821,2024-11-09 09:19:25,DELIVERED,SOUTH
O0862,C0099,2024-11-16 13:14:41,RETURNED,SOUTH
O0863,C0907,2026-04-19 07:55:45,DELIVERED,WEST
O0864,C0433,2024-07-21 02:00:38,RETURNED,SOUTH
O0865,C0437,2025-10-21 12:19:13,RETURNED,EAST
O0866,C0693,2024-09-23 02:58:16,SHIPPED,WEST
O0867,C0663,2024-11-21 17:09:48,DELIVERED,WEST
O0868,C0929,2025-02-20 12:29:14,DELIVERED,SOUTH
O0869,C0701,2024-10-11 11:34:59,SHIPPED,WEST
O0870,C0049,2025-08-26 07:54:12,PLACED,NORTH
O0871,C0423,2026-02-02 22:47:52,RETURNED,EAST
O0872,C0600,2025-05-06 15:11:47,RETURNED,NORTH
O0873,C0678,2024-11-14 21:25:55,SHIPPED,WEST
O0874,,2024-09-05 07:31:42,DELIVERED,EAST
O0875,C0466,2025-12-10 12:53:25,CANCELLED,EAST
O0876,C0941,2026-02-20 03:33:54,SHIPPED,SOUTH
O0877,C0765,2024-07-15 18:12:52,DELIVERED,NORTH
O0878,C0019,15-12-2025 04:34:14,PLACED,NORTH
O0879,C0489,2025-02-04 07:01:30,CANCELLED,WEST
O0880,C0833,2024-11-03 06:36:55,DELIVERED,WEST
O0881,C0090,2025-06-14 07:41:38,PLACED,SOUTH
O0882,C0017,2025-04-11 04:27:32,SHIPPED,NORTH
O0883,C0665,2024-11-22 06:16:47,SHIPPED,WEST
O0884,C0879,2024-12-22 08:18:01,SHIPPED,NORTH
O0885,C0475,2026-01-12 22:50:37,CANCELLED,NORTH
O0886,C0925,2024-08-02 19:19:55,CANCELLED,WEST
O0887,C0881,2026-05-31 10:08:18,SHIPPED,SOUTH
O0888,C0850,2025-12-13 08:58:05,PLACED,EAST
O0889,,2025-08-24 12:00:09,CANCELLED,WEST
O0890,C0755,2024-12-21 22:52:09,RETURNED,EAST
O0891,,2025-06-15 09:47:40,RETURNED,WEST
O0892,C0063,2025-12-30 05:27:09,CANCELLED,EAST
O0893,C0275,2024-08-13 03:28:13,CANCELLED,WEST
O0894,C0638,2026-04-17 18:44:42,DELIVERED,WEST
O0895,C0022,2025-11-12 02:35:04,SHIPPED,WEST
O0896,C0238,2026-03-29 08:54:37,RETURNED,EAST
O0897,C0874,2025-08-17 04:19:12,CANCELLED,SOUTH
O0898,C0741,2025-11-16 22:34:00,CANCELLED,EAST
O0899,C0819,2025-12-03 15:52:23,SHIPPED,SOUTH
O0900,C0768,2026-01-14 12:05:31,CANCELLED,SOUTH
O0901,C0161,2025-12-01 17:16:42,PLACED,WEST
O0902,C0506,2026-06-03 18:42:35,SHIPPED,NORTH
O0903,C0368,2024-09-24 21:26:21,DELIVERED,SOUTH
O0904,C0881,2025-05-06 10:53:17,PLACED,NORTH
O0905,C0117,2025-12-25 06:13:44,PLACED,SOUTH
O0906,C0349,2025-03-03 12:48:51,PLACED,EAST
O0907,C0874,2025-06-16 21:44:43,RETURNED,NORTH
O0908,C0949,2024-08-16 18:19:29,CANCELLED,NORTH
O0909,C0801,2025-10-14 16:35:22,PLACED,NORTH
O0910,C0172,2024-07-10 16:12:33,SHIPPED,EAST
O0911,C0300,2024-08-13 20:24:33,RETURNED,WEST
O0912,C0102,2026-02-26 23:59:38,DELIVERED,EAST
O0913,C0126,2025-04-26 04:23:46,CANCELLED,WEST
O0914,C0007,2026-02-22 21:16:46,CANCELLED,EAST
O0915,C0176,2024-12-10 17:54:12,DELIVERED,WEST
O0916,C0681,2026-06-28 11:42:13,RETURNED,WEST
O0917,C0142,2025-01-16 23:58:29,CANCELLED,WEST
O0918,C0975,2025-04-24 01:07:01,DELIVERED,NORTH
O0919,C0789,12-06-2026 21:40:49,RETURNED,NORTH
O0920,C0323,2025-01-08 07:56:51,SHIPPED,WEST
O0921,C0778,09-12-2024 09:14:13,SHIPPED,NORTH
O0922,C0731,2024-09-16 00:48:00,RETURNED,EAST
O0923,C0908,2024-07-19 12:12:42,RETURNED,EAST
O0924,C0322,2025-05-30 13:58:10,PLACED,EAST
O0925,C0626,2024-07-28 18:09:02,CANCELLED,WEST
O0926,C0909,2024-07-18 08:39:03,RETURNED,WEST
O0927,C0909,2025-03-25 21:32:35,CANCELLED,SOUTH
O0928,C0087,05-04-2026 08:57:25,DELIVERED,WEST
O0929,C0758,2024-12-03 07:12:11,RETURNED,EAST
O0930,C0524,2025-12-17 04:35:52,RETURNED,EAST
O0931,C0164,08-12-2025 15:21:19,RETURNED,EAST
O0932,C0793,2024-08-25 02:50:07,CANCELLED,NORTH
O0933,C0862,2024-12-25 08:54:58,RETURNED,EAST
O0934,C0775,2026-05-23 08:14:16,PLACED,WEST
O0935,C0755,20-09-2024 02:02:52,DELIVERED,SOUTH
O0936,C0596,2026-03-18 00:58:36,RETURNED,SOUTH
O0937,C0292,2026-04-16 21:56:24,RETURNED,SOUTH
O0938,C0533,2026-04-13 01:57:21,PLACED,EAST
O0939,C0198,2025-12-04 21:07:05,DELIVERED,WEST
O0940,C0729,2024-11-14 10:47:50,CANCELLED,NORTH
O0941,C0436,2026-01-20 09:47:10,CANCELLED,SOUTH
O0942,C0379,2024-11-13 19:13:12,CANCELLED,WEST
O0943,C0599,2024-08-10 05:41:10,CANCELLED,WEST
O0944,C0971,2025-05-25 22:04:14,CANCELLED,SOUTH
O0945,C0131,2025-08-09 02:55:40,CANCELLED,SOUTH
O0946,C0526,2024-09-28 16:36:20,PLACED,SOUTH
O0947,C0034,2026-04-01 13:34:23,RETURNED,EAST
O0948,C0122,2025-03-18 03:35:33,CANCELLED,NORTH
O0949,C0586,2025-03-14 16:25:00,RETURNED,SOUTH
O0950,C0313,2025-09-16 14:40:54,DELIVERED,EAST
O0951,C0811,2025-11-05 21:22:46,RETURNED,WEST
O0952,,2024-12-01 06:39:20,DELIVERED,SOUTH
O0953,C0758,2025-11-04 05:59:20,PLACED,EAST
O0954,C0046,2024-12-14 22:13:02,RETURNED,EAST
O0955,C0922,2026-07-02 18:21:29,CANCELLED,WEST
O0956,C0854,2025-08-31 19:18:10,SHIPPED,WEST
O0957,C0684,2025-05-09 21:45:31,DELIVERED,NORTH
O0958,C0681,2026-07-06 08:01:52,CANCELLED,SOUTH
O0959,C0348,2025-06-04 09:30:01,CANCELLED,EAST
O0960,C0887,2024-10-08 21:10:57,PLACED,EAST
O0961,C0127,2025-01-03 13:38:07,PLACED,SOUTH
O0962,C0555,2024-12-20 02:22:53,PLACED,SOUTH
O0963,C0515,2024-09-27 07:04:44,PLACED,SOUTH
O0964,C0282,2025-04-10 00:17:53,SHIPPED,WEST
O0965,C0547,2025-03-15 05:14:48,CANCELLED,NORTH
O0966,C0957,18-11-2024 21:46:26,CANCELLED,SOUTH
O0967,C0881,2024-07-18 16:45:09,CANCELLED,EAST
O0968,C0102,2025-05-15 09:39:25,DELIVERED,SOUTH
O0969,C0787,2025-11-27 00:32:32,DELIVERED,WEST
O0970,C0061,2025-03-09 16:22:43,DELIVERED,SOUTH
O0971,,2024-07-16 08:34:57,CANCELLED,NORTH
O0972,C0423,2025-05-05 08:11:55,DELIVERED,WEST
O0973,C0922,2024-12-19 07:30:55,SHIPPED,SOUTH
O0974,C0601,2025-06-28 09:26:12,RETURNED,WEST
O0975,C0276,2024-12-25 00:07:26,CANCELLED,WEST
O0976,C0030,2024-08-27 07:51:58,SHIPPED,NORTH
O0977,C0987,2025-11-30 02:31:43,PLACED,SOUTH
O0978,C0668,2026-04-01 03:31:02,DELIVERED,WEST
O0979,C0867,2025-02-08 08:03:35,SHIPPED,SOUTH
O0980,C0173,2025-11-23 21:05:11,RETURNED,WEST
O0981,C0569,2025-11-03 15:44:51,PLACED,WEST
O0982,C0636,2025-04-19 15:31:07,SHIPPED,NORTH
O0983,C0944,2024-08-10 04:18:53,RETURNED,EAST
O0984,C0390,2024-08-28 08:22:45,SHIPPED,EAST
O0985,,2026-05-25 19:24:19,RETURNED,NORTH
O0986,C0405,2024-12-23 19:30:11,SHIPPED,EAST
O0987,C0216,2025-05-22 08:38:02,DELIVERED,EAST
O0988,C0771,2025-02-26 06:14:21,DELIVERED,SOUTH
O0989,C0330,2026-02-23 05:18:42,CANCELLED,EAST
O0990,,2025-10-15 04:57:45,PLACED,WEST
O0991,,30-07-2025 02:00:20,SHIPPED,WEST
O0992,C0714,2024-09-24 03:10:35,CANCELLED,NORTH
O0993,C0665,2026-01-11 11:46:34,RETURNED,NORTH
O0994,C0836,2025-08-27 12:22:54,PLACED,EAST
O0995,C0386,2026-03-13 15:23:05,DELIVERED,WEST
O0996,C0787,2026-06-23 08:43:59,PLACED,NORTH
O0997,C0959,2026-04-28 15:03:03,PLACED,SOUTH
O0998,C0777,2025-09-22 03:59:06,DELIVERED,SOUTH
O0999,C0629,2024-11-17 05:27:47,SHIPPED,SOUTH
O1000,C0991,2025-01-18 17:44:18,DELIVERED,WEST
