item_id,order_id,product_id,quantity,unit_price,discount_percent
I00001,O0927,P0108,1,130349.22,25
I00002,O0114,P0143,5,76858.71,12
I00003,O0676,P0290,5,22887.21,8
I00004,O0764,P0034,2,54321.08,14
I00005,O0903,P0268,3,14605.99,44
I00006,O0695,P0273,5,51467.88,29
I00007,O0003,P0219,1,111299.21,26
I00008,O0281,P0063,5,61423.5,48
I00009,O0045,P0115,1,127932.21,28
I00010,O0324,P0003,4,64976.86,36
I00011,O0828,P0013,2,27319.35,4
I00012,O0940,P0128,2,96333.86,40
I00013,O0641,P0050,1,132739.8,37
I00014,O0817,P0172,3,117650.04,21
I00015,O0853,P0028,3,56179.51,4
I00016,O0795,P0225,1,58293.68,5
I00017,O0998,P0032,1,7761.5,44
I00018,O0067,P0066,1,44801.39,19
I00019,O0626,P0222,1,2330.96,3
I00020,O0302,P0196,4,105277.09,14
I00021,O0886,P0006,4,78339.79,39
I00022,O0635,P0052,3,108870.61,1
I00023,O0465,P0265,3,22902.28,0
I00024,O0610,P0035,5,18093.74,36
I00025,O0130,P0261,3,55666.18,39
I00026,O0456,P0096,2,29494.61,8
I00027,O0320,P0300,4,139769.74,22
I00028,O0319,P0299,5,52850.03,19
I00029,O0618,P0176,3,70119.59,37
I00030,O0674,P0075,1,69116.53,35
I00031,O0880,P0028,4,69019.5,40
I00032,O0931,P0104,1,100986.46,44
I00033,O0709,P0240,5,145619.8,36
I00034,O0987,P0172,5,112740.33,6
I00035,O0466,P0022,4,23186.14,14
I00036,O0710,P0118,4,58862.05,47
I00037,O0787,P0170,4,64978.97,0
I00038,O0372,P0006,1,73375.94,9
I00039,O0298,P0226,2,32029.43,23
I00040,O0045,P0016,2,28946.95,16
I00041,O0737,P0090,3,70572.46,12
I00042,O0023,P0091,3,2688.68,43
I00043,O0141,P0195,1,123451.6,29
I00044,O0246,P0190,3,26375.83,39
I00045,O0903,P0223,1,81169.1,8
I00046,O0814,P0098,2,122308.24,20
I00047,O0614,P0220,2,62587.59,37
I00048,O0194,P0275,3,96208.57,3
I00049,O0645,P0144,2,14546.51,31
I00050,O0215,P0042,4,47155.47,10
I00051,O0521,P0199,5,126065.02,11
I00052,O0330,P0192,5,52496.19,31
I00053,O0486,P0138,5,143096.6,37
I00054,O0666,P0019,2,50105.18,15
I00055,O0406,P0112,3,122708.34,10
I00056,O0958,P0192,3,44283.07,5
I00057,O0303,P0228,5,81783.15,29
I00058,O0525,P0173,4,25384.07,23
I00059,O0824,P0255,3,20848.78,28
I00060,O0240,P0136,1,100349.98,32
I00061,O0526,P0280,1,12218.03,6
I00062,O0122,P0037,3,19027.74,12
I00063,O0692,P0169,3,23546.61,43
I00064,O0866,P0141,2,82521.83,48
I00065,O0734,P0279,-3,31236.78,22
I00066,O0802,P0207,4,1737.61,0
I00067,O0484,P0263,2,114719.76,46
I00068,O0768,P0108,4,122362.74,35
I00069,O0776,P0240,4,116657.22,12
I00070,O0440,P0214,2,25031.81,1
I00071,O0384,P0072,5,40714.07,47
I00072,O0010,P0256,3,70578.04,43
I00073,O0771,P0207,5,1658.61,36
I00074,O0805,P0017,2,140219.03,21
I00075,O0582,P0294,4,94535.57,25
I00076,O0066,P0274,4,100680.09,36
I00077,O0986,P0232,3,43866.43,35
I00078,O0182,P0017,5,113047.27,4
I00079,O0934,P0198,3,99852.14,33
I00080,O0072,P0233,1,43056.77,20
I00081,O0881,P0211,4,91992.16,34
I00082,O0429,P0245,1,151516.97,13
I00083,O0134,P0106,3,79116.91,30
I00084,O0163,P0295,3,134923.74,43
I00085,O0470,P0142,-2,90026.81,4
I00086,O0845,P0205,5,130223.98,36
I00087,O0901,P0252,4,82936.62,5
I00088,O0295,P0234,3,99544.91,19
I00089,O0401,P0090,4,84791.47,46
I00090,O0443,P0235,4,27979.93,36
I00091,O0098,P0202,1,61411.53,17
I00092,O0904,P0276,3,22187.28,46
I00093,O0740,P0112,4,136689.47,7
I00094,O0378,P0040,1,80500.55,26
I00095,O0462,P0085,3,118480.15,1
I00096,O0075,P0237,4,43719.62,12
I00097,O0407,P0020,1,67977.41,8
I00098,O0335,P0238,4,24378.03,42
I00099,O0249,P0225,2,53410.66,10
I00100,O0175,P0010,5,113356.79,34
I00101,O0760,P0201,2,283.02,43
I00102,O0280,P0079,4,70370.5,2
I00103,O0915,P0273,2,44060.8,40
I00104,O0831,P0268,1,13138.02,3
I00105,O0613,P0003,1,79425.84,15
I00106,O0384,P0123,2,128064.0,0
I00107,O0346,P0099,1,44674.24,42
I00108,O0172,P0086,1,114790.38,20
I00109,O0331,P0288,2,68584.77,25
I00110,O0962,P0220,1,51657.08,20
I00111,O0178,P0008,4,2746.93,13
I00112,O0470,P0113,1,117774.0,39
I00113,O0378,P0023,1,14269.3,49
I00114,O0614,P0256,1,78259.18,36
I00115,O0176,P0129,1,2734.44,44
I00116,O0398,P0069,3,6771.09,44
I00117,O0326,P0247,1,77719.15,37
I00118,O0460,P0196,5,90699.27,37
I00119,O0722,P0007,-2,100602.79,7
I00120,O0317,P0122,4,125526.25,3
I00121,O0141,P0192,4,44528.06,13
I00122,O0658,P0020,2,65942.64,28
I00123,O0757,P0169,2,22485.4,48
I00124,O0041,P0267,4,108800.51,1
I00125,O0235,P0170,3,72224.61,42
I00126,O0255,P0114,5,58202.89,11
I00127,O0453,P0004,1,53727.19,12
I00128,O0054,P0073,2,23963.79,35
I00129,O0852,P0105,2,45478.54,29
I00130,O0319,P0085,2,123609.08,15
I00131,O0311,P0147,5,102000.5,17
I00132,O0884,P0247,1,72357.33,24
I00133,O0172,P0242,4,8834.35,27
I00134,O0779,P0080,-4,58685.21,5
I00135,O0778,P0154,5,16134.21,11
I00136,O0264,P0195,4,126258.42,35
I00137,O0621,P0247,1,80009.24,12
I00138,O0159,P0098,-1,115896.97,46
I00139,O0384,P0252,4,107530.38,47
I00140,O0383,P0197,4,103584.66,4
I00141,O0419,P0020,1,65347.62,12
I00142,O0782,P0224,3,79273.83,22
I00143,O0522,P0251,3,27397.86,27
I00144,O0754,P0127,2,92436.86,23
I00145,O0647,P0015,2,101751.17,43
I00146,O0151,P0131,2,79040.31,10
I00147,O0013,P0060,1,14329.52,25
I00148,O0724,P0042,5,50561.73,10
I00149,O0850,P0219,3,117249.26,34
I00150,O0675,P0196,5,95727.02,46
I00151,O0891,P0046,1,135998.65,22
I00152,O0834,P0074,3,114866.53,25
I00153,O0716,P0158,1,135640.58,0
I00154,O0100,P0036,4,104243.02,46
I00155,O0442,P0088,2,69990.19,12
I00156,O0499,P0094,5,88535.67,13
I00157,O0191,P0103,1,134762.65,12
I00158,O0266,P0210,4,26201.67,40
I00159,O0171,P0041,3,109763.81,4
I00160,O0351,P0016,5,31783.58,48
I00161,O0104,P0005,1,107056.56,42
I00162,O0597,P0022,1,29269.56,24
I00163,O0618,P0267,3,114913.96,21
I00164,O0619,P0220,3,64701.01,20
I00165,O0837,P0123,3,126445.39,3
I00166,O0999,P0183,3,55002.1,44
I00167,O0412,P0072,1,47653.76,17
I00168,O0974,P0128,3,107256.18,30
I00169,O0528,P0212,-2,137941.19,20
I00170,O0018,P0185,1,139359.28,43
I00171,O0455,P0120,5,64131.85,50
I00172,O0084,P0179,4,102511.53,30
I00173,O0675,P0052,4,94633.07,9
I00174,O0891,P0267,5,122968.11,2
I00175,O0131,P0255,1,25317.68,35
I00176,O0896,P0240,2,149515.17,30
I00177,O0679,P0277,2,90494.3,42
I00178,O0717,P0046,1,133804.7,10
I00179,O0952,P0168,4,113607.14,16
I00180,O0682,P0244,1,76028.9,40
I00181,O0743,P0252,1,90952.14,14
I00182,O0955,P0295,5,128789.08,45
I00183,O0761,P0196,5,96438.41,14
I00184,O0229,P0133,1,68816.31,21
I00185,O0759,P0097,1,12312.02,20
I00186,O0977,P0195,5,127318.76,37
I00187,O0549,P0098,4,109902.76,23
I00188,O0817,P0065,5,87307.56,6
I00189,O0405,P0005,5,89752.84,18
I00190,O0858,P0113,4,113066.85,18
I00191,O0150,P0018,5,45406.23,44
I00192,O0127,P0141,5,79027.17,31
I00193,O0299,P0193,1,16401.74,45
I00194,O0216,P0116,1,47757.83,31
I00195,O0745,P0201,3,275.18,10
I00196,O0023,P0281,4,45029.25,22
I00197,O0776,P0201,4,280.25,18
I00198,O0714,P0100,5,109571.51,48
I00199,O0811,P0298,1,27501.4,29
I00200,O0671,P0084,5,64667.39,18
I00201,O0919,P0075,2,67835.23,47
I00202,O0667,P0005,3,96783.7,43
I00203,O0805,P0076,4,73492.34,10
I00204,O0949,P0029,1,28904.04,3
I00205,O0121,P0264,3,94273.08,40
I00206,O0740,P0207,2,1498.57,31
I00207,O0310,P0089,4,151325.78,42
I00208,O0675,P0046,4,131447.7,17
I00209,O0648,P0228,-3,71118.95,7
I00210,O0501,P0261,-2,57130.55,36
I00211,O0492,P0141,1,65660.38,30
I00212,O0661,P0223,3,64794.44,4
I00213,O0731,P0276,2,26774.13,25
I00214,O0570,P0275,5,101737.06,37
I00215,O0552,P0064,2,26177.86,11
I00216,O0883,P0093,1,49114.79,7
I00217,O0041,P0066,5,41147.58,35
I00218,O0263,P0018,1,45455.11,23
I00219,O0990,P0279,2,37350.27,0
I00220,O0255,P0154,1,15982.49,50
I00221,O0301,P0274,4,113045.67,20
I00222,O0536,P0181,5,74404.08,6
I00223,O0679,P0023,2,13142.22,13
I00224,O0981,P0069,5,6465.21,17
I00225,O0132,P0217,1,35251.8,41
I00226,O0926,P0084,4,69020.34,43
I00227,O0436,P0074,5,106085.02,17
I00228,O0649,P0099,3,41975.63,32
I00229,O0620,P0084,4,58025.69,50
I00230,O0445,P0195,1,124884.47,17
I00231,O0128,P0273,1,49251.16,21
I00232,O0656,P0046,3,136048.33,9
I00233,O0890,P0116,-3,42712.92,14
I00234,O0388,P0054,1,86515.09,19
I00235,O0603,P0251,1,27769.7,18
I00236,O0565,P0139,5,63760.95,20
I00237,O0970,P0200,2,90296.95,50
I00238,O0545,P0283,5,69429.06,37
I00239,O0131,P0133,1,82127.57,42
I00240,O0130,P0074,4,95498.69,46
I00241,O0655,P0190,2,22876.25,29
I00242,O0188,P0225,3,57044.31,17
I00243,O0976,P0220,5,64555.24,14
I00244,O0313,P0045,3,10921.43,5
I00245,O0650,P0041,1,138575.29,10
I00246,O0590,P0030,1,140997.78,31
I00247,O0828,P0006,4,81173.46,8
I00248,O0492,P0255,5,25343.27,34
I00249,O0715,P0064,-4,21426.55,47
I00250,O0008,P0218,5,40838.32,47
I00251,O0678,P0271,5,131120.51,10
I00252,O0691,P0269,2,78413.23,8
I00253,O0527,P0181,1,78327.42,23
I00254,O0994,P0058,3,643.45,34
I00255,O0872,P0061,3,23515.91,13
I00256,O0003,P0292,4,56028.59,41
I00257,O0528,P0019,4,60200.54,3
I00258,O0365,P0004,5,57723.78,6
I00259,O0006,P0180,2,85795.94,27
I00260,O0504,P0102,1,109657.29,26
I00261,O0127,P0250,1,45805.92,14
I00262,O0482,P0203,3,45143.03,11
I00263,O0550,P0138,1,133429.34,28
I00264,O0166,P0072,3,37021.96,45
I00265,O0204,P0057,2,110657.77,26
I00266,O0762,P0170,1,65279.91,30
I00267,O0983,P0137,1,121317.67,43
I00268,O0732,P0066,3,49206.38,25
I00269,O0514,P0200,2,75009.3,1
I00270,O0130,P0080,3,65383.72,15
I00271,O0054,P0176,4,87121.02,27
I00272,O0492,P0149,3,70149.81,15
I00273,O0633,P0079,5,71780.82,7
I00274,O0885,P0135,2,24495.17,30
I00275,O0724,P0053,5,33923.61,37
I00276,O0645,P0077,2,96061.76,17
I00277,O0197,P0075,-4,57904.59,3
I00278,O0390,P0209,5,19656.21,14
I00279,O0228,P0173,4,25956.14,41
I00280,O0053,P0156,1,16921.11,22
I00281,O0729,P0215,2,22462.93,2
I00282,O0001,P0027,3,96806.54,38
I00283,O0104,P0221,2,100146.85,21
I00284,O0312,P0058,1,729.23,49
I00285,O0883,P0067,3,144979.46,47
I00286,O0798,P0271,5,138785.36,13
I00287,O0599,P0197,1,81321.25,47
I00288,O0617,P0062,1,77584.73,41
I00289,O0838,P0098,2,129960.76,4
I00290,O0965,P0280,5,11591.8,48
I00291,O0207,P0274,2,103370.44,35
I00292,O0729,P0130,5,148171.84,28
I00293,O0645,P0061,4,24411.69,32
I00294,O0810,P0012,2,21446.81,8
I00295,O0297,P0024,5,44725.29,12
I00296,O0759,P0204,4,127097.65,4
I00297,O0170,P0225,5,61558.41,25
I00298,O0622,P0140,2,40290.04,13
I00299,O0607,P0005,5,100358.52,33
I00300,O0266,P0156,2,16859.0,7
I00301,O0176,P0115,1,123136.01,40
I00302,O0152,P0143,2,91892.24,41
I00303,O0255,P0108,5,124465.51,40
I00304,O0620,P0189,3,145870.69,35
I00305,O0271,P0069,4,5930.81,3
I00306,O0641,P0006,3,81850.23,11
I00307,O0263,P0009,5,118525.8,49
I00308,O0598,P0055,4,87290.34,40
I00309,O0650,P0283,2,65715.21,17
I00310,O0209,P0298,4,23958.7,46
I00311,O0445,P0189,2,121787.48,11
I00312,O0471,P0095,2,64588.55,46
I00313,O0185,P0145,1,49454.61,25
I00314,O0704,P0097,1,13489.03,29
I00315,O0931,P0207,1,1450.68,48
I00316,O0828,P0007,5,90567.77,7
I00317,O0847,P0007,1,100901.92,17
I00318,O0147,P0007,1,83136.81,47
I00319,O0838,P0174,1,65653.35,36
I00320,O0914,P0228,2,79385.91,15
I00321,O0058,P0279,3,29566.78,2
I00322,O0106,P0279,3,36793.86,26
I00323,O0146,P0001,-2,112120.79,9
I00324,O0362,P0147,2,103370.02,43
I00325,O0906,P0058,4,615.81,6
I00326,O0980,P0145,3,42434.32,23
I00327,O0946,P0044,1,95581.02,33
I00328,O0343,P0093,4,47392.91,19
I00329,O0640,P0147,3,91773.79,31
I00330,O0678,P0189,3,146100.78,4
I00331,O0808,P0002,2,56064.67,9
I00332,O0400,P0229,4,121183.02,27
I00333,O0983,P0143,2,96841.26,11
I00334,O0786,P0198,3,103879.07,44
I00335,O0997,P0212,5,126391.66,41
I00336,O0944,P0126,4,49600.1,34
I00337,O0505,P0273,5,48930.88,37
I00338,O0733,P0216,5,107309.44,47
I00339,O0225,P0045,2,10560.57,1
I00340,O0372,P0286,4,101342.82,3
I00341,O0934,P0179,3,100568.57,8
I00342,O0302,P0236,2,107003.87,26
I00343,O0249,P0108,2,107039.19,44
I00344,O0721,P0074,4,108030.27,27
I00345,O0381,P0028,1,53350.82,38
I00346,O0892,P0081,1,119459.01,15
I00347,O0079,P0007,5,91437.7,48
I00348,O0187,P0241,2,23300.95,19
I00349,O0482,P0211,3,107786.88,0
I00350,O0294,P0057,2,128623.8,38
I00351,O0770,P0089,5,128774.83,27
I00352,O0697,P0233,5,46588.87,36
I00353,O0514,P0157,2,7520.76,5
I00354,O0535,P0194,2,65932.44,3
I00355,O0225,P0201,2,298.99,38
I00356,O0862,P0040,4,77799.59,25
I00357,O0848,P0195,2,129652.21,27
I00358,O0200,P0139,1,70345.03,49
I00359,O0867,P0172,1,107122.69,6
I00360,O0067,P0109,-5,113448.17,12
I00361,O0565,P0104,1,84939.77,36
I00362,O0579,P0023,5,14573.46,3
I00363,O0323,P0048,-3,23640.21,18
I00364,O0982,P0204,5,123209.0,46
I00365,O0365,P0067,1,148270.04,32
I00366,O0104,P0258,-2,21179.03,30
I00367,O0601,P0020,3,67487.6,5
I00368,O0907,P0048,2,26815.29,41
I00369,O0145,P0083,5,115016.12,41
I00370,O0536,P0175,4,67346.71,23
I00371,O0639,P0221,1,108261.46,24
I00372,O0245,P0107,5,47025.98,36
I00373,O0643,P0255,1,21661.47,19
I00374,O0561,P0045,4,10924.67,18
I00375,O0166,P0035,3,18998.84,4
I00376,O0184,P0236,3,119868.53,48
I00377,O0898,P0227,2,91256.51,31
I00378,O0041,P0187,3,120849.1,43
I00379,O0133,P0226,3,29671.24,20
I00380,O0383,P0043,4,129072.23,43
I00381,O0044,P0030,2,141261.22,9
I00382,O0874,P0054,3,82844.24,4
I00383,O0229,P0199,4,119976.37,29
I00384,O0658,P0274,4,103000.15,6
I00385,O0940,P0204,4,109313.85,20
I00386,O0351,P0249,2,68716.52,17
I00387,O0466,P0020,5,63594.79,40
I00388,O0219,P0164,5,101508.61,24
I00389,O0064,P0186,4,34992.87,13
I00390,O0889,P0012,4,21092.8,5
I00391,O0146,P0036,3,94083.08,45
I00392,O0463,P0215,5,28695.07,11
I00393,O0851,P0028,1,59508.38,48
I00394,O0305,P0085,2,133052.27,30
I00395,O0549,P0083,4,113911.24,24
I00396,O0843,P0006,5,74251.93,4
I00397,O0741,P0297,5,61276.32,46
I00398,O0761,P0163,1,136558.93,9
I00399,O0512,P0163,1,145059.12,16
I00400,O0534,P0002,4,68727.24,40
I00401,O0461,P0297,1,62641.71,12
I00402,O0431,P0280,2,10007.33,13
I00403,O0976,P0098,5,111578.41,23
I00404,O0017,P0155,3,92487.38,44
I00405,O0512,P0234,4,89904.96,34
I00406,O0437,P0268,3,12611.79,27
I00407,O0383,P0091,5,3153.06,24
I00408,O0292,P0224,3,83211.01,6
I00409,O0090,P0054,1,83914.6,26
I00410,O0107,P0255,5,21365.63,28
I00411,O0516,P0298,1,28555.0,13
I00412,O0229,P0233,5,45695.23,30
I00413,O0974,P0064,3,26288.19,26
I00414,O0930,P0203,1,49802.44,32
I00415,O0291,P0138,3,142421.03,26
I00416,O0690,P0124,1,127540.52,0
I00417,O0027,P0079,3,76983.66,47
I00418,O0615,P0163,3,141041.39,27
I00419,O0248,P0285,4,67341.86,3
I00420,O0821,P0296,4,133979.22,46
I00421,O0178,P0207,3,1589.45,6
I00422,O0728,P0065,5,86971.0,25
I00423,O0864,P0134,5,43086.27,5
I00424,O0096,P0014,-4,121013.51,9
I00425,O0029,P0279,1,28641.02,46
I00426,O0134,P0233,3,52229.61,14
I00427,O0305,P0100,5,130409.02,50
I00428,O0388,P0134,1,51030.34,40
I00429,O0024,P0297,1,65676.91,7
I00430,O0110,P0073,3,24016.28,4
I00431,O0507,P0186,2,38016.0,1
I00432,O0424,P0038,4,116023.75,43
I00433,O0430,P0193,3,16981.08,10
I00434,O0185,P0153,1,4858.57,40
I00435,O0622,P0017,1,141677.11,30
I00436,O0629,P0280,1,11642.66,7
I00437,O0198,P0016,-5,32025.71,9
I00438,O0222,P0187,1,94921.43,8
I00439,O0226,P0043,2,137725.53,5
I00440,O0357,P0283,3,77720.6,27
I00441,O0525,P0205,2,118110.37,45
I00442,O0288,P0202,1,59759.98,19
I00443,O0170,P0106,4,73496.9,38
I00444,O0766,P0140,3,45993.02,27
I00445,O0205,P0291,3,71298.25,4
I00446,O0461,P0086,1,120160.36,26
I00447,O0301,P0272,3,69796.81,20
I00448,O0440,P0096,3,31152.56,23
I00449,O0381,P0075,3,60057.17,0
I00450,O0735,P0169,2,23421.18,14
I00451,O0576,P0034,4,48877.74,13
I00452,O0106,P0288,3,68792.98,42
I00453,O0077,P0294,4,101350.93,20
I00454,O0203,P0101,1,75590.45,17
I00455,O0432,P0062,1,71422.13,37
I00456,O0393,P0122,-5,104652.53,50
I00457,O0877,P0295,1,126521.65,25
I00458,O0038,P0274,5,118044.08,4
I00459,O0482,P0049,4,104128.07,48
I00460,O0355,P0205,1,122368.79,39
I00461,O0049,P0202,3,54811.78,41
I00462,O0991,P0063,3,56695.81,14
I00463,O0049,P0006,2,68590.46,44
I00464,O0742,P0224,2,67431.76,23
I00465,O0836,P0276,1,27984.31,16
I00466,O0905,P0023,1,13822.51,16
I00467,O0338,P0195,3,150932.78,37
I00468,O0472,P0062,2,62429.91,37
I00469,O0910,P0212,4,133531.19,15
I00470,O0592,P0245,4,128939.33,46
I00471,O0495,P0116,1,41689.45,5
I00472,O0362,P0286,2,96544.73,13
I00473,O0712,P0040,1,65181.24,0
I00474,O0687,P0111,4,16065.83,6
I00475,O0349,P0107,5,41749.67,20
I00476,O0779,P0160,4,46926.31,6
I00477,O0937,P0067,2,128827.93,28
I00478,O0889,P0263,2,113311.34,17
I00479,O0434,P0085,3,139206.24,6
I00480,O0151,P0237,1,41677.52,29
I00481,O0192,P0137,1,120660.24,22
I00482,O0272,P0061,5,24500.72,9
I00483,O0407,P0258,4,17034.17,17
I00484,O0379,P0051,1,16167.03,27
I00485,O0199,P0151,2,18723.56,33
I00486,O0623,P0253,5,16532.83,41
I00487,O0255,P0057,2,137543.86,36
I00488,O0273,P0123,1,122591.28,39
I00489,O0717,P0208,4,80771.54,44
I00490,O0275,P0254,2,66362.71,40
I00491,O0295,P0148,1,66174.81,44
I00492,O0638,P0245,3,143146.5,10
I00493,O0323,P0036,2,111241.43,9
I00494,O0986,P0007,4,80848.2,16
I00495,O0903,P0040,2,82067.73,38
I00496,O0361,P0243,-5,63246.56,30
I00497,O0113,P0024,1,44927.26,14
I00498,O0538,P0258,2,21062.91,6
I00499,O0312,P0172,4,113490.95,34
I00500,O0264,P0250,3,37750.28,22
I00501,O0309,P0171,5,85698.48,38
I00502,O0496,P0058,3,738.19,1
I00503,O0152,P0211,2,92905.63,31
I00504,O0032,P0126,5,56353.98,23
I00505,O0212,P0046,2,121633.8,6
I00506,O0989,P0141,5,71195.68,33
I00507,O0180,P0136,3,110396.89,26
I00508,O0968,P0142,3,102540.27,44
I00509,O0352,P0063,4,65172.91,50
I00510,O0812,P0178,3,84913.26,43
I00511,O0151,P0239,2,123285.23,35
I00512,O0681,P0084,3,53620.98,18
I00513,O0016,P0233,1,54702.7,7
I00514,O0055,P0251,-3,25156.67,0
I00515,O0052,P0129,2,2254.95,32
I00516,O0682,P0288,2,64729.94,9
I00517,O0751,P0101,4,66560.76,14
I00518,O0033,P0243,3,60066.97,24
I00519,O0433,P0205,1,144788.45,38
I00520,O0319,P0089,5,146956.75,37
I00521,O0143,P0103,3,125744.87,19
I00522,O0313,P0044,3,109122.41,34
I00523,O0188,P0193,4,17353.55,44
I00524,O0321,P0258,3,19123.65,26
I00525,O0985,P0211,-4,105245.48,49
I00526,O0432,P0046,2,118919.06,15
I00527,O0595,P0263,3,125940.56,36
I00528,O0899,P0151,1,17674.4,25
I00529,O0687,P0004,4,67814.04,29
I00530,O0860,P0028,1,66474.71,41
I00531,O0110,P0171,5,73113.99,30
I00532,O0708,P0170,1,73149.14,32
I00533,O0758,P0028,2,61825.78,31
I00534,O0140,P0115,2,123848.51,0
I00535,O0825,P0249,5,61570.32,0
I00536,O0157,P0062,5,63546.27,30
I00537,O0026,P0259,4,25008.9,19
I00538,O0415,P0248,2,139827.88,34
I00539,O0267,P0225,5,51246.06,1
I00540,O0190,P0073,2,28252.56,34
I00541,O0206,P0244,4,71082.71,37
I00542,O0505,P0189,3,145563.28,6
I00543,O0476,P0214,4,21331.74,7
I00544,O0578,P0200,1,73228.21,41
I00545,O0915,P0228,1,76552.18,8
I00546,O0480,P0235,-3,27759.06,32
I00547,O0877,P0258,2,20677.77,24
I00548,O0526,P0033,2,6520.05,46
I00549,O0577,P0174,4,71430.74,17
I00550,O0804,P0156,4,19803.24,30
I00551,O0386,P0242,5,8752.71,32
I00552,O0795,P0270,3,80473.24,37
I00553,O0357,P0300,5,117411.85,1
I00554,O0873,P0082,2,98646.11,43
I00555,O0488,P0166,2,122216.55,46
I00556,O0815,P0122,1,110067.9,24
I00557,O0774,P0216,1,94438.26,2
I00558,O0868,P0038,4,136021.12,1
I00559,O0946,P0090,3,74997.86,8
I00560,O0653,P0294,5,95960.31,28
I00561,O0696,P0147,2,88715.59,33
I00562,O0829,P0099,1,41760.96,42
I00563,O0099,P0105,1,51677.99,23
I00564,O0793,P0209,5,16619.33,11
I00565,O0699,P0271,4,121950.76,30
I00566,O0513,P0181,3,82490.6,8
I00567,O0821,P0035,4,19127.74,4
I00568,O0583,P0041,2,115860.12,7
I00569,O0511,P0119,1,13407.62,14
I00570,O0842,P0149,3,62632.99,10
I00571,O0992,P0148,1,61228.72,33
I00572,O0955,P0257,3,12090.88,44
I00573,O0914,P0057,5,138332.49,16
I00574,O0669,P0016,1,29737.93,21
I00575,O0910,P0031,2,18053.29,21
I00576,O0947,P0032,2,7593.06,36
I00577,O0927,P0019,3,61789.2,38
I00578,O0758,P0042,5,40823.24,46
I00579,O0043,P0054,1,74841.17,22
I00580,O0442,P0245,3,150463.62,14
I00581,O0022,P0029,1,31712.07,34
I00582,O0623,P0195,1,117371.89,49
I00583,O0387,P0065,4,86305.06,7
I00584,O0449,P0061,5,24045.44,12
I00585,O0352,P0224,1,65336.24,0
I00586,O0233,P0212,5,151320.43,0
I00587,O0895,P0128,1,90977.43,11
I00588,O0290,P0023,3,15290.47,15
I00589,O0300,P0067,5,139178.34,42
I00590,O0079,P0040,3,68282.27,45
I00591,O0753,P0183,2,60489.96,23
I00592,O0799,P0283,3,66196.07,17
I00593,O0327,P0278,5,85174.55,26
I00594,O0723,P0249,3,77331.82,33
I00595,O0237,P0157,5,8034.38,50
I00596,O0146,P0019,2,57096.24,29
I00597,O0976,P0059,1,111520.88,17
I00598,O0603,P0197,3,80126.5,17
I00599,O0876,P0197,-4,87870.17,28
I00600,O0046,P0115,2,136904.64,34
I00601,O0054,P0157,1,7975.81,1
I00602,O0932,P0173,3,26555.86,48
I00603,O0029,P0175,5,69132.3,46
I00604,O0951,P0030,1,156799.37,43
I00605,O0295,P0274,4,120455.13,49
I00606,O0532,P0134,2,44965.75,15
I00607,O0136,P0008,3,3603.28,5
I00608,O0256,P0278,3,86395.32,39
I00609,O0281,P0186,3,41189.11,49
I00610,O0623,P0007,1,97975.56,16
I00611,O0868,P0092,4,35520.5,29
I00612,O0038,P0184,4,44323.88,26
I00613,O0060,P0297,1,60377.69,20
I00614,O0977,P0033,4,7325.58,17
I00615,O0266,P0254,2,65760.31,39
I00616,O0672,P0026,2,93606.52,43
I00617,O0519,P0226,5,29088.2,14
I00618,O0063,P0133,-3,85040.64,22
I00619,O0554,P0023,5,13006.25,32
I00620,O0455,P0058,5,634.4,36
I00621,O0381,P0213,1,90050.02,9
I00622,O0026,P0168,5,117650.29,26
I00623,O0919,P0192,4,46539.84,1
I00624,O0165,P0189,1,124006.65,37
I00625,O0027,P0055,5,88784.61,45
I00626,O0800,P0261,5,62998.06,24
I00627,O0851,P0299,1,52894.79,48
I00628,O0665,P0041,1,140242.2,36
I00629,O0516,P0295,5,136329.52,7
I00630,O0868,P0271,1,139125.63,33
I00631,O0452,P0163,3,141162.06,15
I00632,O0337,P0125,3,16037.08,7
I00633,O0710,P0124,4,144934.23,23
I00634,O0082,P0181,5,90741.25,41
I00635,O0496,P0118,4,58693.84,8
I00636,O0948,P0276,2,24653.43,37
I00637,O0682,P0071,5,130131.73,20
I00638,O0121,P0042,4,51960.67,36
I00639,O0507,P0102,2,84820.33,7
I00640,O0429,P0135,5,24785.91,6
I00641,O0130,P0018,-4,41057.42,4
I00642,O0136,P0264,5,92718.38,22
I00643,O0131,P0206,5,23044.52,21
I00644,O0919,P0173,5,22982.59,46
I00645,O0047,P0038,3,147491.86,40
I00646,O0461,P0224,3,78186.36,46
I00647,O0188,P0261,1,48093.26,37
I00648,O0379,P0233,4,45425.86,46
I00649,O0603,P0144,1,12805.02,3
I00650,O0578,P0266,5,44952.5,27
I00651,O0293,P0166,4,101995.36,9
I00652,O0043,P0108,4,121957.96,39
I00653,O0322,P0051,3,13509.56,17
I00654,O0499,P0225,2,53562.74,16
I00655,O0621,P0055,2,84172.6,13
I00656,O0566,P0261,-2,62400.07,34
I00657,O0551,P0100,1,133771.71,23
I00658,O0209,P0145,5,43848.48,8
I00659,O0851,P0233,3,53140.9,7
I00660,O0456,P0222,4,2947.84,17
I00661,O0750,P0060,3,13698.06,14
I00662,O0745,P0039,3,51723.07,29
I00663,O0646,P0263,1,117820.28,2
I00664,O0444,P0052,5,113777.04,42
I00665,O0858,P0019,1,56101.89,14
I00666,O0690,P0101,3,75284.87,11
I00667,O0752,P0255,3,25053.76,5
I00668,O0974,P0265,-2,22602.03,35
I00669,O0626,P0107,2,43817.65,39
I00670,O0390,P0299,2,58505.85,42
I00671,O0978,P0093,3,50077.9,42
I00672,O0497,P0251,4,26591.19,18
I00673,O0099,P0113,1,139987.75,48
I00674,O0295,P0215,4,26994.95,7
I00675,O0181,P0238,3,26473.99,25
I00676,O0722,P0066,4,50295.49,38
I00677,O0422,P0121,1,65570.37,50
I00678,O0419,P0032,5,6507.55,20
I00679,O0422,P0201,4,245.2,3
I00680,O0275,P0249,2,75483.07,19
I00681,O0459,P0210,2,22891.52,13
I00682,O0799,P0057,5,110500.1,34
I00683,O0021,P0011,4,101971.97,22
I00684,O0786,P0284,1,58805.07,23
I00685,O0549,P0102,2,95509.36,45
I00686,O0235,P0149,2,62140.51,13
I00687,O0567,P0128,1,87873.16,33
I00688,O0105,P0257,4,12034.06,18
I00689,O0309,P0013,2,29427.85,2
I00690,O0279,P0064,4,21030.35,47
I00691,O0898,P0139,1,73311.54,45
I00692,O0781,P0213,-1,88990.53,38
I00693,O0942,P0078,1,140847.29,12
I00694,O0852,P0160,3,45654.03,19
I00695,O0281,P0235,2,34886.64,36
I00696,O0483,P0193,3,15856.06,26
I00697,O0575,P0143,4,89765.2,32
I00698,O0251,P0196,1,104592.28,23
I00699,O0782,P0280,1,11132.93,1
I00700,O0407,P0119,4,14342.4,41
I00701,O0319,P0171,2,88339.48,6
I00702,O0575,P0087,2,51929.79,15
I00703,O0086,P0073,4,26227.81,46
I00704,O0860,P0291,2,68564.61,26
I00705,O0319,P0173,2,27280.88,38
I00706,O0417,P0003,3,79171.22,50
I00707,O0501,P0280,4,11363.59,20
I00708,O0473,P0248,5,136114.06,46
I00709,O0084,P0054,4,78332.12,48
I00710,O0014,P0083,5,97664.51,28
I00711,O0891,P0059,1,128482.98,40
I00712,O0823,P0269,4,90224.27,26
I00713,O0409,P0005,3,108153.61,46
I00714,O0945,P0139,5,81366.17,36
I00715,O0666,P0085,2,143400.49,39
I00716,O0975,P0191,5,45202.71,13
I00717,O0959,P0170,2,75811.44,30
I00718,O0011,P0163,4,137026.19,0
I00719,O0320,P0097,2,13927.34,21
I00720,O0097,P0032,5,6297.76,22
I00721,O0652,P0287,2,36880.89,12
I00722,O0282,P0146,4,12950.61,39
I00723,O0786,P0207,3,1683.88,12
I00724,O0080,P0079,1,71755.59,16
I00725,O0578,P0053,2,38164.75,49
I00726,O0393,P0170,5,73303.26,17
I00727,O0990,P0243,2,61779.32,13
I00728,O0094,P0076,2,83088.77,20
I00729,O0080,P0027,2,95904.03,42
I00730,O0484,P0168,3,109970.74,35
I00731,O0403,P0194,4,65051.95,33
I00732,O0325,P0272,1,86100.43,10
I00733,O0969,P0143,2,86313.3,31
I00734,O0712,P0129,1,2359.44,22
I00735,O0183,P0013,3,30087.53,22
I00736,O0746,P0218,2,48794.8,12
I00737,O0392,P0192,2,56449.15,12
I00738,O0453,P0185,5,133777.74,21
I00739,O0097,P0189,3,118610.75,17
I00740,O0035,P0141,4,82475.23,45
I00741,O0260,P0141,1,78916.5,45
I00742,O0950,P0242,5,8542.86,30
I00743,O0768,P0280,1,9424.53,45
I00744,O0157,P0091,2,3412.32,7
I00745,O0058,P0228,1,88033.97,17
I00746,O0874,P0100,5,116632.61,43
I00747,O0869,P0163,2,141620.22,23
I00748,O0529,P0008,4,3344.96,3
I00749,O0067,P0099,5,37589.83,11
I00750,O0455,P0023,3,15430.64,26
I00751,O0178,P0002,3,59701.16,21
I00752,O0478,P0291,1,67967.71,7
I00753,O0941,P0047,2,49404.47,37
I00754,O0642,P0011,2,88561.76,23
I00755,O0472,P0042,2,48016.48,12
I00756,O0766,P0068,3,3187.09,11
I00757,O0286,P0072,5,39733.51,12
I00758,O0280,P0103,2,115310.73,28
I00759,O0271,P0048,4,23689.26,49
I00760,O0658,P0268,4,14641.97,10
I00761,O0038,P0300,4,136593.14,44
I00762,O0445,P0178,3,104426.43,32
I00763,O0565,P0138,1,117169.52,13
I00764,O0479,P0134,1,45610.25,40
I00765,O0191,P0244,2,64404.88,36
I00766,O0387,P0018,3,47053.93,0
I00767,O0163,P0216,4,105984.08,6
I00768,O0192,P0184,3,44201.37,48
I00769,O0023,P0225,5,58245.32,27
I00770,O0749,P0205,4,120130.6,23
I00771,O0616,P0173,4,24405.44,14
I00772,O0782,P0260,1,52587.93,36
I00773,O0411,P0015,2,115499.19,38
I00774,O0989,P0269,2,83092.74,8
I00775,O0134,P0171,1,73529.41,49
I00776,O0145,P0178,4,97678.55,42
I00777,O0152,P0103,2,108978.75,15
I00778,O0879,P0105,4,43069.28,43
I00779,O0569,P0192,1,47255.43,30
I00780,O0564,P0202,2,58204.89,29
I00781,O0724,P0125,1,16054.21,8
I00782,O0410,P0168,3,131598.58,27
I00783,O0612,P0202,5,55346.91,47
I00784,O0994,P0014,2,102015.12,15
I00785,O0378,P0186,3,32686.13,38
I00786,O0770,P0204,1,103053.29,12
I00787,O0046,P0109,3,96905.45,41
I00788,O0185,P0218,2,42633.23,30
I00789,O0036,P0134,4,44069.43,33
I00790,O0855,P0055,4,89673.8,46
I00791,O0104,P0208,1,78485.06,32
I00792,O0394,P0233,1,56625.29,25
I00793,O0433,P0028,3,64950.27,7
I00794,O0619,P0231,5,95385.0,21
I00795,O0865,P0274,3,102953.71,27
I00796,O0545,P0197,1,86688.92,45
I00797,O0605,P0133,2,79944.51,29
I00798,O0446,P0025,4,114058.99,31
I00799,O0472,P0188,1,110840.83,16
I00800,O0436,P0173,3,22359.61,17
I00801,O0184,P0151,3,17956.29,19
I00802,O0652,P0019,5,58378.93,34
I00803,O0757,P0203,2,46547.27,8
I00804,O0745,P0075,4,59262.83,29
I00805,O0706,P0125,5,14710.62,20
I00806,O0382,P0020,2,68247.01,6
I00807,O0392,P0263,1,129262.87,19
I00808,O0433,P0206,1,26216.88,46
I00809,O0669,P0041,4,133263.15,36
I00810,O0268,P0156,5,19880.19,15
I00811,O0711,P0026,3,99050.31,27
I00812,O0282,P0096,3,29510.81,25
I00813,O0932,P0093,3,44031.7,1
I00814,O0801,P0213,2,80444.97,50
I00815,O1000,P0163,1,119163.18,20
I00816,O0227,P0033,5,7220.65,29
I00817,O0603,P0216,5,98463.8,35
I00818,O0013,P0176,3,89107.0,9
I00819,O0474,P0256,2,65435.42,24
I00820,O0262,P0207,1,1651.38,5
I00821,O0647,P0250,5,38621.28,47
I00822,O0543,P0190,3,22187.57,43
I00823,O0479,P0016,2,28879.35,22
I00824,O0579,P0221,4,86725.86,18
I00825,O0570,P0252,2,96540.91,24
I00826,O0622,P0064,1,21568.41,7
I00827,O0585,P0149,2,70261.25,47
I00828,O0411,P0282,4,45092.3,38
I00829,O0286,P0164,3,103288.91,43
I00830,O0984,P0163,5,133933.86,25
I00831,O0507,P0238,3,27279.68,11
I00832,O0410,P0148,1,62978.96,29
I00833,O0672,P0089,1,138508.18,26
I00834,O0421,P0097,1,12355.93,39
I00835,O0516,P0042,5,44466.79,1
I00836,O0333,P0128,2,101021.57,5
I00837,O0975,P0190,1,25990.02,41
I00838,O0399,P0283,5,78563.25,10
I00839,O0469,P0189,2,154991.06,12
I00840,O0331,P0068,3,2606.57,36
I00841,O0473,P0236,2,103754.52,15
I00842,O0816,P0091,4,2768.93,38
I00843,O0858,P0170,2,75953.56,4
I00844,O0008,P0017,4,141740.79,24
I00845,O0073,P0214,3,22981.4,45
I00846,O0796,P0274,1,123970.23,3
I00847,O0300,P0204,1,122052.47,32
I00848,O0645,P0226,4,25406.26,16
I00849,O0777,P0297,1,56299.41,42
I00850,O0348,P0073,2,24238.71,6
I00851,O0338,P0038,4,131685.52,15
I00852,O0776,P0134,3,44671.89,50
I00853,O0462,P0133,5,67143.39,8
I00854,O0152,P0268,-3,15408.93,36
I00855,O0372,P0150,3,106933.8,40
I00856,O0313,P0244,4,61138.12,44
I00857,O0132,P0076,5,72572.71,40
I00858,O0234,P0015,2,92707.97,0
I00859,O0266,P0187,5,125207.95,25
I00860,O0489,P0088,3,67781.08,32
I00861,O0322,P0268,3,15591.26,41
I00862,O0174,P0269,4,90758.01,0
I00863,O0685,P0034,3,48790.31,9
I00864,O0285,P0062,2,68603.88,40
I00865,O0929,P0007,5,100132.74,23
I00866,O0681,P0017,4,140197.41,32
I00867,O0069,P0139,5,80467.91,34
I00868,O0894,P0041,1,123754.15,15
I00869,O0263,P0094,2,95379.06,11
I00870,O0042,P0137,5,127912.56,46
I00871,O0851,P0033,2,5953.99,14
I00872,O0250,P0300,5,118586.91,50
I00873,O0053,P0164,1,87846.51,5
I00874,O0488,P0102,1,90431.35,31
I00875,O0308,P0292,1,65460.21,7
I00876,O0738,P0227,2,83519.12,48
I00877,O0468,P0001,3,117820.46,31
I00878,O0647,P0091,3,3127.64,41
I00879,O0307,P0136,5,106628.98,35
I00880,O0516,P0159,4,31689.28,11
I00881,O0500,P0004,3,61419.9,31
I00882,O0168,P0092,1,37927.15,6
I00883,O0948,P0227,3,81305.48,11
I00884,O0199,P0056,2,76408.83,20
I00885,O0785,P0272,4,73951.74,39
I00886,O0216,P0293,2,107106.26,25
I00887,O0805,P0088,2,59655.92,33
I00888,O0486,P0214,3,21198.12,19
I00889,O0380,P0075,3,60696.81,47
I00890,O0323,P0231,3,93188.03,26
I00891,O0006,P0207,1,1550.71,8
I00892,O0999,P0234,-3,99348.89,13
I00893,O0678,P0132,3,78293.93,27
I00894,O0810,P0196,3,104913.82,13
I00895,O0633,P0258,4,17333.65,15
I00896,O0165,P0167,4,86391.53,2
I00897,O0800,P0200,4,96225.33,37
I00898,O0385,P0031,1,15810.93,34
I00899,O0379,P0225,3,51051.23,47
I00900,O0076,P0167,4,93148.37,37
I00901,O0307,P0294,2,101441.08,20
I00902,O0587,P0280,3,11877.94,44
I00903,O0023,P0072,1,45562.94,47
I00904,O0322,P0185,4,119924.09,20
I00905,O0480,P0117,4,124196.12,45
I00906,O0266,P0131,5,60466.39,7
I00907,O0658,P0211,4,103099.96,3
I00908,O0852,P0271,1,133539.0,1
I00909,O0580,P0224,1,81841.3,20
I00910,O0810,P0276,4,24119.03,4
I00911,O0753,P0039,5,55180.55,7
I00912,O0545,P0082,5,98058.9,29
I00913,O0625,P0098,1,113587.67,17
I00914,O0477,P0232,2,43424.31,41
I00915,O0590,P0174,4,69655.47,27
I00916,O0911,P0011,4,82749.29,24
I00917,O0020,P0005,2,85275.08,14
I00918,O0599,P0168,5,129306.58,49
I00919,O0842,P0295,3,143107.04,36
I00920,O0157,P0097,2,12525.27,1
I00921,O0547,P0021,2,112782.17,20
I00922,O0892,P0162,2,72232.95,10
I00923,O0435,P0139,2,67302.0,22
I00924,O0028,P0071,4,156306.6,1
I00925,O0455,P0107,4,40854.06,12
I00926,O0211,P0195,5,118937.47,11
I00927,O0519,P0297,5,62823.98,7
I00928,O0964,P0251,5,29982.76,26
I00929,O0196,P0108,1,114614.18,16
I00930,O0521,P0058,-4,669.25,26
I00931,O0410,P0052,3,98036.36,4
I00932,O0445,P0154,2,14007.11,41
I00933,O0830,P0200,-4,95677.59,46
I00934,O0663,P0166,1,104260.35,36
I00935,O0010,P0066,5,48096.51,48
I00936,O0040,P0032,5,7714.13,42
I00937,O0301,P0191,5,41106.64,11
I00938,O0179,P0266,2,44557.88,11
I00939,O0374,P0057,-2,113143.64,25
I00940,O0641,P0192,3,42787.55,1
I00941,O0340,P0015,4,114017.29,26
I00942,O0048,P0277,4,106252.71,10
I00943,O0162,P0052,1,95451.21,26
I00944,O0068,P0058,4,676.19,34
I00945,O0451,P0069,5,5401.3,30
I00946,O0481,P0132,2,91662.98,39
I00947,O0685,P0050,4,133542.58,36
I00948,O0201,P0065,2,92527.17,9
I00949,O0231,P0043,1,129842.53,39
I00950,O0108,P0128,2,108531.94,19
I00951,O0337,P0237,5,46006.66,17
I00952,O0779,P0068,3,3148.63,37
I00953,O0755,P0018,4,49189.46,11
I00954,O0015,P0074,1,94635.28,25
I00955,O0331,P0006,5,79630.24,12
I00956,O0644,P0296,4,118451.28,39
I00957,O0270,P0280,4,10203.89,49
I00958,O0527,P0173,3,23563.47,21
I00959,O0827,P0250,5,38789.28,21
I00960,O0782,P0266,3,39355.25,41
I00961,O0027,P0279,2,37632.95,7
I00962,O0124,P0282,3,46912.27,28
I00963,O0447,P0284,1,66376.3,11
I00964,O0408,P0262,2,137376.7,49
I00965,O0018,P0102,3,106322.09,36
I00966,O0881,P0272,5,79175.21,34
I00967,O0236,P0272,2,69471.61,10
I00968,O0651,P0116,2,50022.91,27
I00969,O0879,P0104,3,109281.71,25
I00970,O0304,P0200,5,93976.3,29
I00971,O0330,P0070,-3,7670.54,35
I00972,O0685,P0160,2,44064.13,4
I00973,O0061,P0211,2,113038.76,48
I00974,O0996,P0125,4,17639.76,25
I00975,O0606,P0100,2,107458.78,17
I00976,O0144,P0206,1,25091.47,43
I00977,O0156,P0106,4,69856.61,20
I00978,O0012,P0061,5,22152.65,40
I00979,O0613,P0242,2,8074.2,7
I00980,O0555,P0233,2,56898.01,46
I00981,O0350,P0140,1,49611.74,7
I00982,O0642,P0239,4,145262.96,44
I00983,O0887,P0250,3,38871.29,46
I00984,O0618,P0186,2,39909.41,44
I00985,O0987,P0222,4,2368.64,49
I00986,O0287,P0142,3,95358.99,42
I00987,O0857,P0129,3,2129.86,31
I00988,O0249,P0300,4,131428.12,17
I00989,O0107,P0250,5,44665.81,38
I00990,O0532,P0196,1,100742.15,50
I00991,O0659,P0051,5,17183.87,15
I00992,O0370,P0298,5,25159.87,47
I00993,O0041,P0178,4,100861.23,33
I00994,O0039,P0205,4,111749.01,36
I00995,O0186,P0013,3,31283.81,1
I00996,O0747,P0234,3,98776.9,22
I00997,O0997,P0128,3,88681.2,29
I00998,O0716,P0135,2,26935.64,35
I00999,O0664,P0165,4,22740.26,11
I01000,O0865,P0256,1,74649.79,47
I01001,O0825,P0117,3,120403.56,46
I01002,O0093,P0208,3,91296.96,48
I01003,O0392,P0104,3,95963.94,21
I01004,O0826,P0225,3,64489.21,20
I01005,O0017,P0058,2,773.95,44
I01006,O0658,P0287,3,43294.08,25
I01007,O0634,P0039,2,57559.02,42
I01008,O0415,P0135,2,25235.7,25
I01009,O0137,P0198,1,113358.81,18
I01010,O0629,P0292,1,54672.39,2
I01011,O0252,P0281,2,40081.64,31
I01012,O0230,P0113,2,123589.97,13
I01013,O0149,P0007,3,80846.79,39
I01014,O0495,P0225,4,65125.49,12
I01015,O0423,P0096,5,35145.2,24
I01016,O0765,P0134,3,42323.12,23
I01017,O0374,P0121,3,57523.42,44
I01018,O0138,P0165,2,21525.29,6
I01019,O0940,P0260,4,43262.39,38
I01020,O0234,P0179,5,83850.14,17
I01021,O0589,P0028,4,60699.04,27
I01022,O0067,P0088,1,67249.37,3
I01023,O0918,P0178,4,88852.06,43
I01024,O0363,P0034,3,60064.47,46
I01025,O0029,P0252,4,107597.6,25
I01026,O0221,P0232,3,51925.99,21
I01027,O0239,P0292,5,53306.07,34
I01028,O0698,P0162,1,68877.47,48
I01029,O0367,P0062,1,70001.03,46
I01030,O0166,P0100,2,132068.62,11
I01031,O0856,P0093,1,45166.26,7
I01032,O0340,P0046,1,128699.84,43
I01033,O0397,P0209,4,16979.34,21
I01034,O0188,P0050,3,129226.29,16
I01035,O0512,P0047,2,49636.3,22
I01036,O0663,P0042,3,40360.97,16
I01037,O0021,P0032,5,6730.1,10
I01038,O0002,P0271,-1,128691.04,1
I01039,O0820,P0291,5,60242.29,11
I01040,O0194,P0256,2,82067.93,6
I01041,O0894,P0080,5,55136.23,28
I01042,O0724,P0091,5,3398.91,1
I01043,O0638,P0020,5,69526.94,7
I01044,O0827,P0160,3,44916.79,37
I01045,O0531,P0086,1,133104.77,39
I01046,O0943,P0173,4,26238.02,24
I01047,O0803,P0230,1,112865.46,15
I01048,O0375,P0073,2,26358.09,50
I01049,O0414,P0022,3,30740.52,30
I01050,O0831,P0051,5,15832.61,33
I01051,O0577,P0295,5,144725.71,41
I01052,O0206,P0145,3,47905.13,18
I01053,O0967,P0219,4,103240.3,1
I01054,O0504,P0054,3,83761.51,19
I01055,O0510,P0148,1,57455.22,5
I01056,O0315,P0293,5,111191.64,3
I01057,O0548,P0015,1,99673.16,22
I01058,O0988,P0276,1,26654.2,27
I01059,O0757,P0261,5,56103.44,43
I01060,O0716,P0023,2,16523.49,14
I01061,O0730,P0164,1,98526.22,36
I01062,O0656,P0008,1,2923.9,44
I01063,O0120,P0149,1,68260.21,21
I01064,O0182,P0200,2,92625.76,2
I01065,O0160,P0073,5,27700.36,27
I01066,O0697,P0293,3,130151.47,47
I01067,O0936,P0140,4,43552.56,26
I01068,O0387,P0143,2,84561.34,38
I01069,O0011,P0203,1,45416.74,42
I01070,O0707,P0115,1,116531.35,50
I01071,O0501,P0035,2,17945.03,47
I01072,O0263,P0204,3,107868.39,36
I01073,O0268,P0056,1,84783.78,12
I01074,O0974,P0045,5,10552.36,33
I01075,O0037,P0241,4,20340.46,24
I01076,O0189,P0043,1,143016.31,28
I01077,O0757,P0074,4,88883.87,32
I01078,O0786,P0097,2,11982.67,0
I01079,O0972,P0079,3,71117.15,11
I01080,O0359,P0237,2,39309.33,24
I01081,O0157,P0150,5,107802.62,12
I01082,O0344,P0225,1,49994.11,15
I01083,O0617,P0271,3,119513.19,20
I01084,O0059,P0058,1,699.79,39
I01085,O0738,P0087,3,46776.34,6
I01086,O0701,P0120,1,61104.78,24
I01087,O0788,P0291,1,73839.48,2
I01088,O0578,P0280,-1,11898.75,30
I01089,O0960,P0293,4,121338.7,28
I01090,O0933,P0122,4,116002.98,40
I01091,O0466,P0246,2,100500.88,14
I01092,O0148,P0147,2,95066.4,16
I01093,O0904,P0083,3,105855.35,19
I01094,O0148,P0022,4,29948.99,14
I01095,O0412,P0065,3,82809.8,26
I01096,O0472,P0232,4,48942.27,21
I01097,O0334,P0205,2,118407.27,13
I01098,O0730,P0098,5,128242.7,42
I01099,O0803,P0187,4,117934.42,26
I01100,O0384,P0158,2,123337.61,34
I01101,O0668,P0232,3,55897.67,39
I01102,O0423,P0027,2,99026.89,10
I01103,O0676,P0197,5,102433.28,1
I01104,O0711,P0106,4,67657.15,47
I01105,O0697,P0289,2,60794.77,12
I01106,O0155,P0211,3,114386.93,8
I01107,O0781,P0250,3,47143.27,33
I01108,O0753,P0019,1,48271.01,0
I01109,O0943,P0028,3,57508.18,22
I01110,O0208,P0078,2,113863.51,39
I01111,O0932,P0162,5,77758.44,21
I01112,O0721,P0090,3,82668.87,10
I01113,O0923,P0078,2,131179.92,39
I01114,O0420,P0082,5,110185.14,17
I01115,O0707,P0128,1,91557.34,28
I01116,O0100,P0021,2,99040.46,30
I01117,O0175,P0011,5,105088.36,28
I01118,O0599,P0293,2,101333.1,31
I01119,O0970,P0291,3,78268.05,23
I01120,O0071,P0091,2,3272.86,9
I01121,O0114,P0101,3,81945.33,50
I01122,O0086,P0182,5,119909.06,39
I01123,O0913,P0214,2,21132.24,32
I01124,O0287,P0267,1,129226.29,3
I01125,O0665,P0123,3,149564.85,21
I01126,O0042,P0140,4,42494.72,2
I01127,O0134,P0006,-5,69783.81,30
I01128,O0390,P0199,1,117158.57,24
I01129,O0344,P0188,5,113779.42,26
I01130,O0725,P0176,2,86694.11,35
I01131,O0198,P0251,3,29367.4,42
I01132,O0087,P0164,5,85213.74,8
I01133,O0826,P0055,2,90400.06,9
I01134,O0586,P0122,1,104368.48,0
I01135,O0755,P0175,5,72262.73,29
I01136,O0647,P0170,1,62365.35,8
I01137,O0205,P0042,2,51545.12,0
I01138,O0444,P0120,2,52815.61,20
I01139,O0641,P0272,2,71648.93,31
I01140,O0620,P0096,4,35619.04,3
I01141,O0454,P0095,-5,58765.95,12
I01142,O0270,P0074,5,93218.19,7
I01143,O0720,P0039,2,51507.03,14
I01144,O0167,P0203,5,44931.56,40
I01145,O0293,P0112,4,121533.83,15
I01146,O0544,P0004,3,55324.65,3
I01147,O0065,P0253,3,13744.89,48
I01148,O0838,P0221,1,111831.7,28
I01149,O0013,P0046,3,141027.17,23
I01150,O0715,P0034,5,58426.79,28
I01151,O0367,P0246,3,97494.96,20
I01152,O0560,P0098,2,100734.04,22
I01153,O0420,P0239,4,142265.29,25
I01154,O0475,P0238,4,29560.49,24
I01155,O0430,P0013,2,26981.32,40
I01156,O0153,P0205,-3,140030.65,42
I01157,O0928,P0089,2,120718.57,6
I01158,O0017,P0201,4,250.97,1
I01159,O0510,P0201,2,297.43,35
I01160,O0285,P0117,2,144568.57,27
I01161,O0446,P0082,4,97170.65,6
I01162,O0069,P0166,4,100810.02,33
I01163,O0966,P0254,2,62414.23,19
I01164,O0647,P0082,3,116996.83,27
I01165,O0627,P0063,5,59969.45,46
I01166,O0383,P0066,3,45212.77,1
I01167,O0458,P0190,4,26398.69,44
I01168,O0240,P0161,4,80684.18,36
I01169,O0813,P0170,2,80921.05,50
I01170,O0648,P0294,2,106489.91,15
I01171,O0501,P0289,4,56346.05,6
I01172,O0394,P0076,5,75682.34,29
I01173,O0618,P0137,1,129085.47,50
I01174,O0789,P0142,2,108219.2,30
I01175,O0253,P0115,1,143073.37,30
I01176,O0576,P0075,3,63063.27,20
I01177,O0620,P0275,2,105407.11,38
I01178,O0620,P0062,3,74080.84,12
I01179,O0537,P0259,3,21505.18,44
I01180,O0839,P0006,3,64899.68,1
I01181,O0030,P0216,1,109700.49,9
I01182,O0458,P0196,5,96639.79,20
I01183,O0111,P0141,4,76500.93,29
I01184,O0292,P0084,5,69219.19,7
I01185,O0054,P0168,5,110833.5,46
I01186,O0385,P0282,1,51098.19,25
I01187,O0183,P0168,5,107051.08,18
I01188,O0332,P0290,5,26219.82,46
I01189,O0735,P0068,4,2638.39,9
I01190,O0105,P0268,2,12846.89,48
I01191,O0369,P0183,3,61238.21,4
I01192,O0505,P0206,5,23904.9,50
I01193,O0406,P0080,5,66199.05,28
I01194,O0163,P0060,3,11181.95,43
I01195,O0572,P0013,1,29501.4,30
I01196,O0044,P0022,2,30490.58,8
I01197,O0513,P0164,3,102445.96,25
I01198,O0020,P0262,3,136968.66,44
I01199,O0425,P0282,1,50304.18,13
I01200,O0236,P0299,-4,62159.55,37
I01201,O0903,P0189,5,124562.34,13
I01202,O0156,P0275,1,108252.37,18
I01203,O0273,P0285,3,58387.95,12
I01204,O0773,P0132,3,100931.39,25
I01205,O0123,P0147,-4,101096.09,41
I01206,O0688,P0263,4,110636.33,24
I01207,O0824,P0055,2,95674.41,47
I01208,O0306,P0110,5,14703.43,3
I01209,O0664,P0118,5,69848.29,13
I01210,O0524,P0013,-3,30557.04,21
I01211,O0212,P0256,4,71377.65,25
I01212,O0617,P0085,4,139964.99,50
I01213,O0684,P0128,1,113023.97,1
I01214,O0635,P0026,1,121075.64,19
I01215,O0456,P0196,5,86905.87,23
I01216,O0221,P0098,4,111663.31,17
I01217,O0428,P0012,3,22617.66,19
I01218,O0146,P0135,4,27768.2,13
I01219,O0124,P0016,4,28385.55,46
I01220,O0241,P0234,5,87784.16,1
I01221,O0720,P0289,4,62779.82,13
I01222,O0067,P0204,-4,114853.99,29
I01223,O0423,P0090,1,66182.16,4
I01224,O0983,P0144,3,11739.81,17
I01225,O0025,P0140,2,43961.86,0
I01226,O0666,P0023,5,14370.73,44
I01227,O0501,P0119,1,12431.49,23
I01228,O0468,P0242,5,8954.79,23
I01229,O0744,P0283,5,76214.41,22
I01230,O0417,P0090,5,75388.65,22
I01231,O0786,P0150,2,127023.68,31
I01232,O0692,P0278,4,87339.8,38
I01233,O0260,P0071,3,144328.3,28
I01234,O0772,P0277,2,95432.87,40
I01235,O0149,P0175,5,75530.99,36
I01236,O0143,P0106,4,72917.19,7
I01237,O0514,P0279,1,33849.64,16
I01238,O0957,P0282,2,51626.25,50
I01239,O0343,P0251,1,28790.4,23
I01240,O0562,P0203,5,44675.03,36
I01241,O0360,P0209,1,19713.51,9
I01242,O0855,P0097,1,15626.26,6
I01243,O0508,P0074,1,96644.02,48
I01244,O0416,P0156,2,15972.2,12
I01245,O0025,P0009,1,98274.14,49
I01246,O0697,P0037,1,23491.14,27
I01247,O0968,P0184,-4,44834.24,21
I01248,O0398,P0192,2,51134.32,30
I01249,O0651,P0022,4,27017.16,22
I01250,O0032,P0131,4,67679.17,34
I01251,O0789,P0051,4,15682.84,22
I01252,O0972,P0252,1,108143.95,48
I01253,O0928,P0045,4,10193.87,15
I01254,O0742,P0049,4,106122.1,38
I01255,O0481,P0018,3,48968.66,28
I01256,O0222,P0211,-1,92513.83,43
I01257,O0800,P0015,5,103123.43,29
I01258,O0282,P0290,4,26398.67,46
I01259,O0050,P0130,5,133785.09,11
I01260,O0924,P0232,3,42955.04,38
I01261,O0340,P0219,1,132921.52,4
I01262,O0204,P0247,4,72954.39,47
I01263,O0827,P0091,4,2832.58,21
I01264,O0887,P0299,4,57841.46,44
I01265,O0971,P0060,1,11458.11,38
I01266,O0577,P0013,4,30275.78,27
I01267,O0022,P0269,3,72341.41,30
I01268,O0035,P0143,4,82962.31,4
I01269,O0090,P0135,3,25052.01,15
I01270,O0929,P0071,-1,122193.39,11
I01271,O0681,P0101,4,76611.71,35
I01272,O0270,P0245,1,141917.11,37
I01273,O0424,P0060,5,11715.83,19
I01274,O0137,P0201,1,263.97,0
I01275,O0116,P0269,3,70071.48,8
I01276,O0328,P0125,4,15426.77,30
I01277,O0490,P0246,2,87765.84,40
I01278,O0643,P0278,1,79583.52,32
I01279,O0149,P0035,4,22590.8,36
I01280,O0169,P0127,4,79242.52,14
I01281,O0848,P0135,4,24514.54,20
I01282,O0800,P0203,1,49069.0,23
I01283,O0401,P0231,5,88552.13,8
I01284,O0491,P0261,4,60047.83,10
I01285,O0248,P0267,3,101740.05,38
I01286,O0032,P0214,1,24067.23,49
I01287,O0150,P0021,3,93565.43,41
I01288,O0827,P0175,3,72717.38,19
I01289,O0876,P0241,5,23671.73,44
I01290,O0604,P0287,5,46323.25,8
I01291,O0481,P0173,1,29397.6,34
I01292,O0530,P0033,3,7652.73,18
I01293,O0609,P0263,2,138826.58,15
I01294,O0580,P0098,3,105671.83,21
I01295,O0531,P0211,3,101251.41,42
I01296,O0193,P0072,3,45399.47,45
I01297,O0556,P0284,3,57869.87,33
I01298,O0178,P0061,3,22888.94,50
I01299,O0649,P0173,2,28172.59,23
I01300,O0252,P0201,4,295.72,29
I01301,O0551,P0175,2,61962.02,7
I01302,O0990,P0193,5,14778.48,12
I01303,O0832,P0131,4,79821.86,37
I01304,O0841,P0142,5,91645.28,3
I01305,O0438,P0251,5,25793.92,20
I01306,O0123,P0072,2,46312.7,3
I01307,O0043,P0036,3,100840.1,8
I01308,O0803,P0050,4,135641.78,36
I01309,O0062,P0006,1,74814.04,17
I01310,O0292,P0221,2,103790.55,36
I01311,O0770,P0137,5,110595.56,1
I01312,O0567,P0300,3,121402.9,24
I01313,O0209,P0278,-5,80434.6,36
I01314,O0759,P0139,4,67907.76,26
I01315,O0227,P0124,4,145369.7,14
I01316,O0287,P0055,1,88661.03,37
I01317,O0882,P0198,4,94065.12,5
I01318,O0419,P0228,4,88723.75,39
I01319,O0769,P0195,1,125816.08,43
I01320,O0504,P0224,5,63830.14,32
I01321,O0631,P0199,4,120837.0,45
I01322,O0080,P0194,2,62184.99,20
I01323,O0362,P0208,3,82547.34,14
I01324,O0389,P0241,1,22448.85,41
I01325,O0715,P0034,4,45982.12,36
I01326,O0354,P0185,-4,128186.06,28
I01327,O0932,P0218,1,42147.52,17
I01328,O0376,P0134,4,41747.05,37
I01329,O0661,P0265,5,23548.56,2
I01330,O0391,P0187,1,96816.25,10
I01331,O0095,P0284,1,58915.45,16
I01332,O0464,P0077,3,97039.26,11
I01333,O0235,P0210,3,22170.36,5
I01334,O0636,P0027,5,105511.31,47
I01335,O0181,P0148,5,64664.09,10
I01336,O0242,P0009,2,94289.35,49
I01337,O0104,P0138,2,137909.97,35
I01338,O0780,P0189,2,154794.59,15
I01339,O0806,P0005,3,101944.54,32
I01340,O0833,P0011,5,84139.19,8
I01341,O0172,P0025,4,114451.41,38
I01342,O0855,P0189,5,136302.43,29
I01343,O0180,P0057,2,127336.89,2
I01344,O0069,P0194,-2,67103.0,31
I01345,O0694,P0203,5,44821.17,33
I01346,O0478,P0267,3,118362.8,47
I01347,O0415,P0129,5,2175.02,31
I01348,O0130,P0019,2,62490.12,19
I01349,O0119,P0212,4,127914.31,20
I01350,O0499,P0102,1,106185.23,48
I01351,O0151,P0231,5,102955.23,41
I01352,O0813,P0155,4,72128.84,14
I01353,O0926,P0225,3,56459.89,29
I01354,O0381,P0105,4,52558.39,15
I01355,O0971,P0075,1,55252.91,29
I01356,O0932,P0198,4,99938.47,32
I01357,O0565,P0245,1,150160.06,30
I01358,O0070,P0181,3,90911.62,10
I01359,O0012,P0052,2,105488.6,3
I01360,O0026,P0261,2,53905.2,28
I01361,O0414,P0172,5,122669.44,18
I01362,O0377,P0027,5,108279.11,48
I01363,O0500,P0222,5,2882.86,46
I01364,O0767,P0290,5,29627.64,24
I01365,O0339,P0226,3,30796.62,12
I01366,O0096,P0197,3,79019.83,19
I01367,O0013,P0069,2,5748.6,9
I01368,O0438,P0281,5,47945.24,0
I01369,O0068,P0084,1,60935.49,4
I01370,O0225,P0240,2,132066.2,5
I01371,O0686,P0236,3,119897.89,30
I01372,O0979,P0133,5,86019.11,47
I01373,O0339,P0168,5,129890.62,45
I01374,O0604,P0267,3,125007.19,15
I01375,O0232,P0012,4,19308.62,32
I01376,O0308,P0256,4,74139.72,16
I01377,O0110,P0076,5,81134.38,15
I01378,O0476,P0079,1,76696.64,26
I01379,O0761,P0205,4,121848.39,15
I01380,O0167,P0247,1,84559.3,3
I01381,O0447,P0208,4,87125.27,1
I01382,O0342,P0190,1,23333.19,31
I01383,O0951,P0203,5,45166.26,15
I01384,O0294,P0125,5,16140.11,38
I01385,O0335,P0193,1,15167.43,47
I01386,O0009,P0077,5,110050.37,50
I01387,O0828,P0078,-1,118006.17,8
I01388,O0299,P0188,3,92834.32,10
I01389,O0915,P0159,3,33711.32,5
I01390,O0041,P0001,2,127494.53,31
I01391,O0111,P0137,5,131115.9,4
I01392,O0852,P0146,2,14127.52,16
I01393,O0162,P0264,1,76558.61,18
I01394,O0033,P0202,3,58624.9,28
I01395,O0368,P0261,3,59251.98,25
I01396,O0429,P0121,3,60019.26,29
I01397,O0153,P0080,1,62264.96,7
I01398,O0152,P0056,4,81230.84,18
I01399,O0789,P0171,3,82625.22,27
I01400,O0420,P0063,5,60346.76,45
I01401,O0215,P0243,1,55368.96,22
I01402,O0068,P0026,1,117177.59,24
I01403,O0192,P0255,4,23418.22,45
I01404,O0884,P0166,4,106760.48,45
I01405,O0433,P0162,5,71832.73,50
I01406,O0169,P0129,4,2661.71,21
I01407,O0152,P0022,2,27819.39,17
I01408,O0930,P0104,2,103822.33,40
I01409,O0370,P0176,5,69995.01,30
I01410,O0791,P0257,2,13182.11,42
I01411,O0879,P0259,3,24776.67,37
I01412,O0628,P0101,4,80616.35,2
I01413,O0466,P0281,3,45982.69,2
I01414,O0292,P0171,1,80589.99,50
I01415,O0065,P0243,4,63914.21,38
I01416,O0586,P0119,3,12972.82,16
I01417,O0308,P0020,2,65603.38,25
I01418,O0272,P0003,5,67928.45,28
I01419,O0245,P0204,1,130000.07,17
I01420,O0549,P0280,-4,12037.37,46
I01421,O0814,P0157,5,8330.38,37
I01422,O0219,P0274,5,100914.36,15
I01423,O0948,P0200,5,76683.24,41
I01424,O0206,P0008,4,3325.92,30
I01425,O0022,P0051,2,16162.76,10
I01426,O0674,P0150,3,132247.81,13
I01427,O0747,P0084,3,68792.89,19
I01428,O0556,P0281,1,38634.26,7
I01429,O0874,P0002,2,67178.4,48
I01430,O0968,P0139,2,72198.26,7
I01431,O0513,P0274,4,112747.68,39
I01432,O0285,P0043,3,132648.82,24
I01433,O0826,P0097,5,14665.82,39
I01434,O0824,P0045,1,11018.24,33
I01435,O0835,P0274,2,127110.49,40
I01436,O0360,P0016,3,34587.59,27
I01437,O0107,P0263,4,113389.19,40
I01438,O0496,P0035,2,22287.32,49
I01439,O0507,P0286,4,94147.68,12
I01440,O0922,P0022,1,23186.33,22
I01441,O0018,P0191,3,49959.89,20
I01442,O0883,P0238,1,24484.23,33
I01443,O0575,P0060,5,12783.71,35
I01444,O0744,P0175,1,61163.91,40
I01445,O0325,P0126,3,48586.55,2
I01446,O0880,P0055,1,98209.94,8
I01447,O0713,P0133,4,72560.5,26
I01448,O0077,P0272,3,74138.26,19
I01449,O0417,P0012,1,19306.3,45
I01450,O0096,P0071,5,152488.27,23
I01451,O0117,P0049,3,105515.68,7
I01452,O0188,P0296,2,113440.43,3
I01453,O0284,P0160,5,47721.06,5
I01454,O0832,P0282,5,49693.13,35
I01455,O0674,P0153,1,4981.56,2
I01456,O0320,P0216,1,94977.62,3
I01457,O0141,P0036,1,102354.23,6
I01458,O0913,P0245,1,130461.52,34
I01459,O0110,P0136,2,115936.69,50
I01460,O0254,P0042,3,47593.77,36
I01461,O0718,P0054,1,86524.87,8
I01462,O0174,P0261,2,48053.33,33
I01463,O0897,P0140,5,48147.34,12
I01464,O0505,P0281,2,39313.01,42
I01465,O0398,P0099,5,36089.0,37
I01466,O0422,P0297,3,60478.97,7
I01467,O0724,P0216,3,101620.12,7
I01468,O0416,P0098,3,118410.31,41
I01469,O0595,P0062,2,60292.15,15
I01470,O0763,P0024,1,35273.39,13
I01471,O0284,P0058,-5,635.62,7
I01472,O0850,P0008,4,2924.18,9
I01473,O0151,P0064,3,22910.49,42
I01474,O0532,P0141,4,79627.17,9
I01475,O0212,P0200,3,88476.19,42
I01476,O0249,P0251,4,25796.01,16
I01477,O0004,P0222,4,2884.45,3
I01478,O0767,P0235,5,30001.09,18
I01479,O0145,P0146,3,14765.64,30
I01480,O0805,P0272,1,75022.48,41
I01481,O0230,P0231,2,89949.71,30
I01482,O0987,P0200,3,77729.0,8
I01483,O0018,P0121,4,74525.1,35
I01484,O0522,P0075,1,61002.66,16
I01485,O0707,P0051,3,15233.39,19
I01486,O0765,P0207,1,1829.79,6
I01487,O0248,P0145,3,47831.48,42
I01488,O0954,P0285,5,72515.63,11
I01489,O0643,P0255,-5,27285.99,20
I01490,O0787,P0284,4,50161.61,12
I01491,O0192,P0056,3,74730.2,44
I01492,O0824,P0140,5,43374.91,38
I01493,O0579,P0289,3,59039.58,12
I01494,O0912,P0126,3,47317.25,30
I01495,O0778,P0124,5,120556.48,35
I01496,O0017,P0040,1,66815.5,26
I01497,O0888,P0023,2,14787.53,47
I01498,O0075,P0053,5,33360.31,47
I01499,O0220,P0112,3,118325.3,37
I01500,O0419,P0062,3,77140.99,13
I01501,O0096,P0175,2,62394.86,16
I01502,O0811,P0275,2,106654.8,34
I01503,O0172,P0004,4,56288.85,26
I01504,O0909,P0170,1,73113.67,36
I01505,O0285,P0001,4,128724.59,48
I01506,O0464,P0285,-2,57235.81,40
I01507,O0586,P0011,3,105208.43,14
I01508,O0756,P0024,2,36130.29,8
I01509,O0303,P0236,1,97185.51,8
I01510,O0033,P0061,2,26822.05,48
I01511,O0307,P0222,2,2924.29,10
I01512,O0486,P0194,1,58849.95,11
I01513,O0701,P0216,1,91737.74,4
I01514,O0158,P0213,1,85957.06,10
I01515,O0273,P0267,5,116820.81,37
I01516,O0921,P0300,3,120850.01,38
I01517,O0546,P0291,2,67219.56,39
I01518,O0857,P0228,3,82292.45,46
I01519,O0818,P0011,2,92910.68,34
I01520,O0477,P0047,5,57296.06,3
I01521,O0236,P0274,1,109941.82,41
I01522,O0595,P0070,1,8349.27,14
I01523,O0819,P0065,2,85305.03,38
I01524,O0557,P0038,2,116297.38,33
I01525,O0551,P0048,3,24994.25,11
I01526,O0046,P0219,4,107357.05,50
I01527,O0226,P0046,5,123958.94,27
I01528,O0739,P0280,1,10336.24,10
I01529,O0698,P0142,-3,107867.43,49
I01530,O0028,P0013,1,25253.56,47
I01531,O0828,P0300,1,122114.04,6
I01532,O0450,P0276,3,26268.44,38
I01533,O0027,P0077,3,103712.6,50
I01534,O0937,P0259,3,20771.32,5
I01535,O0559,P0076,5,75913.46,18
I01536,O0503,P0268,1,15187.29,18
I01537,O0514,P0022,3,23469.33,27
I01538,O0479,P0014,1,96386.14,16
I01539,O0908,P0126,4,47393.01,23
I01540,O0742,P0265,3,25092.12,36
I01541,O0126,P0121,4,61119.64,14
I01542,O0330,P0190,1,25575.53,50
I01543,O0591,P0193,1,14956.16,30
I01544,O0055,P0209,2,19487.37,39
I01545,O0572,P0236,5,120478.87,49
I01546,O0640,P0270,2,74097.38,3
I01547,O0951,P0063,4,64476.96,35
I01548,O0938,P0271,1,141942.48,41
I01549,O0182,P0281,4,48126.79,33
I01550,O0199,P0194,2,59412.95,17
I01551,O0249,P0080,1,59009.11,43
I01552,O0303,P0088,5,69337.31,46
I01553,O0315,P0209,3,17543.09,26
I01554,O0775,P0067,3,146311.45,27
I01555,O0220,P0054,3,75458.53,29
I01556,O0895,P0021,4,113567.8,24
I01557,O0161,P0182,3,132656.48,2
I01558,O0192,P0207,2,1557.85,34
I01559,O0700,P0096,3,37453.29,46
I01560,O0024,P0044,4,102592.27,17
I01561,O0884,P0149,5,71153.72,32
I01562,O0939,P0012,2,19541.95,35
I01563,O0715,P0257,5,15752.39,21
I01564,O0743,P0069,4,6654.94,43
I01565,O0705,P0175,1,73398.81,18
I01566,O0245,P0105,2,49975.72,22
I01567,O0199,P0270,3,94015.95,7
I01568,O0405,P0114,2,51072.47,45
I01569,O0615,P0233,5,55462.38,7
I01570,O0558,P0025,5,118427.07,5
I01571,O0647,P0102,4,95775.69,20
I01572,O0232,P0021,4,106185.78,5
I01573,O0941,P0259,4,21195.8,24
I01574,O0098,P0237,5,48601.36,46
I01575,O0885,P0269,-1,74169.57,1
I01576,O0831,P0016,5,34459.62,7
I01577,O0563,P0066,5,39219.98,44
I01578,O0387,P0171,4,77708.36,46
I01579,O0291,P0062,4,76991.85,43
I01580,O0219,P0201,3,251.6,3
I01581,O0079,P0160,5,38088.98,33
I01582,O0655,P0295,3,126825.12,14
I01583,O0407,P0272,4,67818.67,8
I01584,O0775,P0209,2,20141.18,13
I01585,O0622,P0259,2,21984.73,21
I01586,O0346,P0215,1,28995.09,44
I01587,O0764,P0151,2,17750.4,47
I01588,O0044,P0188,1,100350.37,31
I01589,O0959,P0203,4,49914.84,2
I01590,O0532,P0050,1,119440.12,1
I01591,O0962,P0022,2,23585.15,13
I01592,O0370,P0200,4,74538.66,48
I01593,O0028,P0198,2,93225.09,47
I01594,O0218,P0052,2,96379.07,21
I01595,O0365,P0027,4,88758.39,36
I01596,O0112,P0249,4,70399.75,9
I01597,O0637,P0108,5,112244.79,2
I01598,O0119,P0124,3,112241.23,33
I01599,O0459,P0100,3,121679.91,42
I01600,O0935,P0282,5,42687.12,14
I01601,O0661,P0192,5,43139.66,42
I01602,O0380,P0232,1,43063.49,23
I01603,O0579,P0298,1,24359.34,11
I01604,O0958,P0009,4,109790.06,10
I01605,O0413,P0294,5,100924.08,39
I01606,O0587,P0193,3,17920.32,48
I01607,O0615,P0234,1,88385.27,34
I01608,O0803,P0188,5,118825.21,15
I01609,O0151,P0170,5,61653.31,32
I01610,O0909,P0159,5,33530.28,12
I01611,O0977,P0090,2,83470.05,14
I01612,O0302,P0073,4,26879.71,3
I01613,O0418,P0012,5,19713.8,7
I01614,O0469,P0214,1,20620.29,13
I01615,O0317,P0288,2,56139.25,42
I01616,O0679,P0186,2,38333.66,42
I01617,O0919,P0288,1,69397.28,0
I01618,O0919,P0177,4,124528.88,9
I01619,O0924,P0290,5,22622.74,50
I01620,O0151,P0208,5,88914.5,9
I01621,O0445,P0137,1,115587.24,24
I01622,O0353,P0209,1,17401.98,35
I01623,O0494,P0219,1,123446.39,9
I01624,O0785,P0098,5,110472.51,48
I01625,O0124,P0129,2,2334.21,9
I01626,O0247,P0160,5,47550.57,1
I01627,O0853,P0085,4,116781.27,42
I01628,O0873,P0264,4,92791.49,24
I01629,O0065,P0029,1,31311.78,32
I01630,O0207,P0039,1,59150.85,21
I01631,O0844,P0014,1,108339.59,3
I01632,O0627,P0143,1,87429.59,47
I01633,O0330,P0028,4,55145.84,40
I01634,O0535,P0101,5,78689.18,40
I01635,O0148,P0026,3,101040.15,1
I01636,O0918,P0254,4,67976.95,10
I01637,O0060,P0230,2,138546.4,26
I01638,O0688,P0067,5,114896.59,5
I01639,O0764,P0252,4,107061.13,10
I01640,O0579,P0035,-3,22303.06,43
I01641,O0547,P0135,1,22847.09,29
I01642,O0238,P0046,2,119344.35,45
I01643,O0953,P0088,2,74845.74,6
I01644,O0479,P0279,1,30341.59,10
I01645,O0695,P0053,1,31921.34,7
I01646,O0225,P0217,2,43023.65,20
I01647,O0136,P0240,4,150323.49,24
I01648,O0125,P0098,2,128831.82,34
I01649,O0304,P0158,3,132427.53,10
I01650,O0886,P0297,3,64622.04,18
I01651,O0523,P0023,1,13740.81,3
I01652,O0243,P0232,2,54149.23,25
I01653,O0482,P0274,1,126473.4,47
I01654,O0810,P0256,5,65778.79,0
I01655,O0854,P0083,1,120122.54,37
I01656,O0550,P0094,1,83671.96,26
I01657,O0176,P0294,5,112991.34,50
I01658,O0749,P0225,2,62978.91,14
I01659,O0896,P0277,2,109836.4,11
I01660,O0557,P0164,-4,91017.76,48
I01661,O0461,P0012,4,20819.69,46
I01662,O0652,P0220,4,66435.99,29
I01663,O0490,P0032,4,6976.15,25
I01664,O0531,P0076,1,64381.48,34
I01665,O0148,P0044,2,109148.16,20
I01666,O0691,P0082,1,116828.18,42
I01667,O0375,P0008,3,3143.92,6
I01668,O0704,P0136,4,121513.44,33
I01669,O0667,P0090,1,68241.32,36
I01670,O0408,P0234,5,95411.44,34
I01671,O0792,P0138,2,131702.55,18
I01672,O0803,P0280,1,9729.58,2
I01673,O0872,P0170,1,75336.21,14
I01674,O0679,P0278,4,91577.65,44
I01675,O0257,P0260,3,45956.24,38
I01676,O0346,P0263,5,129637.13,18
I01677,O0356,P0232,5,55992.31,48
I01678,O0935,P0019,4,61378.43,15
I01679,O0917,P0279,4,32923.15,34
I01680,O0788,P0096,1,33447.18,24
I01681,O0799,P0040,5,77269.64,29
I01682,O0507,P0273,4,45537.72,39
I01683,O0589,P0224,5,81258.73,8
I01684,O0328,P0265,5,29432.4,2
I01685,O0810,P0273,3,43379.86,41
I01686,O0191,P0122,3,113373.73,1
I01687,O0680,P0185,4,135021.84,43
I01688,O0468,P0292,1,52977.04,17
I01689,O0922,P0278,2,85072.65,23
I01690,O0275,P0129,2,2330.43,37
I01691,O0404,P0101,2,82430.26,18
I01692,O0191,P0127,2,88144.21,17
I01693,O0809,P0201,2,240.23,36
I01694,O0957,P0053,3,34690.24,43
I01695,O0697,P0168,2,117752.68,30
I01696,O0183,P0176,4,83345.02,25
I01697,O0969,P0114,2,59631.99,43
I01698,O0379,P0053,2,41912.4,6
I01699,O0574,P0201,3,297.16,31
I01700,O0532,P0135,4,25420.4,1
I01701,O0625,P0165,4,19771.17,16
I01702,O0230,P0004,2,63408.55,43
I01703,O0916,P0263,5,136217.19,30
I01704,O0614,P0248,2,128174.29,45
I01705,O0342,P0298,2,22520.22,23
I01706,O0216,P0202,3,52258.37,6
I01707,O0335,P0168,2,131547.79,23
I01708,O0635,P0110,4,16824.94,33
I01709,O0100,P0122,4,115038.03,1
I01710,O0983,P0137,2,124502.17,6
I01711,O0291,P0045,1,10475.0,24
I01712,O0631,P0271,1,133974.69,35
I01713,O0062,P0068,-4,2890.45,15
I01714,O0865,P0264,5,89458.38,25
I01715,O0167,P0071,3,154916.12,49
I01716,O0439,P0214,1,25103.86,37
I01717,O0519,P0213,4,76195.48,10
I01718,O0142,P0253,3,17889.14,42
I01719,O0287,P0278,3,87091.74,23
I01720,O0816,P0163,5,138271.4,19
I01721,O0981,P0061,1,24476.69,21
I01722,O0027,P0070,1,7178.75,19
I01723,O0382,P0118,5,58736.12,15
I01724,O0135,P0060,3,11228.52,0
I01725,O0332,P0175,4,64625.24,40
I01726,O0436,P0285,2,60680.08,18
I01727,O0872,P0267,5,112022.07,39
I01728,O0734,P0252,2,105075.83,14
I01729,O0434,P0230,4,121230.77,26
I01730,O0154,P0004,2,61520.81,47
I01731,O0721,P0086,3,145892.56,4
I01732,O0539,P0112,2,138356.12,6
I01733,O0755,P0069,2,5627.33,38
I01734,O0147,P0004,3,53534.68,47
I01735,O0009,P0047,5,50594.45,10
I01736,O0209,P0284,4,59036.77,49
I01737,O0483,P0207,5,1694.77,11
I01738,O0806,P0093,3,42915.99,47
I01739,O0997,P0186,5,37937.55,24
I01740,O0159,P0293,1,121424.68,32
I01741,O0837,P0233,4,50817.92,46
I01742,O0105,P0201,1,239.26,28
I01743,O0984,P0062,4,68561.15,13
I01744,O0204,P0227,2,83989.3,11
I01745,O0980,P0015,3,92909.04,36
I01746,O0932,P0110,4,17303.83,46
I01747,O0438,P0168,5,116528.92,35
I01748,O0564,P0074,2,97186.1,23
I01749,O0720,P0126,5,50210.85,20
I01750,O0570,P0158,3,124008.31,41
I01751,O0475,P0253,2,15239.01,15
I01752,O0965,P0011,5,106395.28,36
I01753,O0831,P0256,5,64330.36,28
I01754,O0619,P0299,-4,59963.53,28
I01755,O0072,P0083,1,113103.66,38
I01756,O0480,P0270,4,77814.11,45
I01757,O0917,P0168,2,125528.72,33
I01758,O0249,P0067,-2,139849.5,6
I01759,O0138,P0187,4,116747.95,3
I01760,O0562,P0097,2,11985.45,48
I01761,O0568,P0251,5,27661.33,29
I01762,O0532,P0258,5,19183.35,43
I01763,O0216,P0191,5,42139.2,34
I01764,O0404,P0032,1,6540.53,19
I01765,O0242,P0199,1,138112.8,36
I01766,O0329,P0057,4,135429.55,10
I01767,O0977,P0108,5,131934.41,1
I01768,O0798,P0077,5,110905.57,37
I01769,O0768,P0179,1,83196.7,17
I01770,O0670,P0262,2,142702.01,0
I01771,O0591,P0213,4,85657.02,31
I01772,O0096,P0059,2,133559.77,46
I01773,O0156,P0060,2,14146.05,44
I01774,O0984,P0236,4,110278.38,3
I01775,O0118,P0046,1,122531.09,8
I01776,O0936,P0093,1,48095.89,28
I01777,O0140,P0176,5,91665.87,12
I01778,O0948,P0110,1,13966.31,24
I01779,O0346,P0107,-5,37768.41,41
I01780,O0898,P0155,5,90014.88,18
I01781,O0181,P0052,1,112248.91,43
I01782,O0405,P0269,2,89889.59,36
I01783,O0681,P0168,2,115947.35,8
I01784,O0018,P0100,3,117238.42,24
I01785,O0860,P0034,1,48914.92,42
I01786,O0583,P0177,2,143127.65,1
I01787,O0795,P0050,2,108708.67,17
I01788,O0196,P0218,3,44556.98,24
I01789,O0315,P0067,2,124025.06,4
I01790,O0910,P0080,1,60428.25,3
I01791,O0433,P0064,3,23368.44,35
I01792,O0507,P0143,1,87742.1,28
I01793,O0737,P0044,4,107994.41,26
I01794,O0234,P0067,2,134363.41,6
I01795,O0351,P0164,3,89035.84,43
I01796,O0647,P0004,2,67666.04,2
I01797,O0256,P0031,-1,15907.87,25
I01798,O0980,P0255,5,25088.68,23
I01799,O0434,P0158,5,122363.06,43
I01800,O0798,P0179,3,99963.42,15
I01801,O0258,P0246,1,98704.13,29
I01802,O0445,P0002,1,54511.14,7
I01803,O0817,P0264,1,71876.78,47
I01804,O0812,P0212,5,130784.64,17
I01805,O0782,P0047,4,54531.88,34
I01806,O0014,P0265,1,27044.93,28
I01807,O0110,P0076,5,79768.72,21
I01808,O0722,P0032,4,6999.89,26
I01809,O0464,P0053,2,39497.83,21
I01810,O0082,P0025,3,129008.74,17
I01811,O0504,P0154,2,14418.22,45
I01812,O0202,P0013,1,25387.63,34
I01813,O0881,P0271,3,140806.53,38
I01814,O0260,P0255,1,24547.04,21
I01815,O0204,P0103,5,135236.96,28
I01816,O0945,P0131,4,68740.3,9
I01817,O0081,P0181,5,75115.9,8
I01818,O0717,P0244,1,77135.33,25
I01819,O0425,P0218,1,41922.22,37
I01820,O0026,P0035,1,20331.09,42
I01821,O0479,P0064,3,25179.94,16
I01822,O0600,P0121,5,66403.16,45
I01823,O0577,P0139,-5,67972.56,45
I01824,O0068,P0163,2,142556.4,32
I01825,O0039,P0153,5,5216.49,25
I01826,O0803,P0271,4,138700.9,12
I01827,O0475,P0225,1,55089.62,35
I01828,O0768,P0150,1,114507.89,6
I01829,O0153,P0111,4,15366.27,30
I01830,O0585,P0137,2,108471.15,20
I01831,O0448,P0094,2,101784.75,42
I01832,O0606,P0149,5,58082.43,39
I01833,O0457,P0008,1,3566.9,10
I01834,O0905,P0221,-2,99457.9,32
I01835,O0472,P0277,2,97353.49,10
I01836,O0677,P0015,3,115750.53,34
I01837,O0967,P0043,2,146437.96,39
I01838,O0586,P0263,5,141927.42,37
I01839,O0460,P0076,1,73864.31,1
I01840,O0749,P0276,5,28682.96,42
I01841,O0521,P0016,1,35822.48,16
I01842,O0312,P0274,2,101055.93,22
I01843,O0535,P0263,2,122282.55,32
I01844,O0383,P0225,1,49869.21,1
I01845,O0266,P0277,1,94769.08,42
I01846,O0096,P0093,2,39869.73,38
I01847,O0413,P0047,1,54448.41,31
I01848,O0691,P0139,2,71616.35,32
I01849,O0155,P0238,4,31626.07,30
I01850,O0681,P0026,3,103345.76,45
I01851,O0121,P0133,1,75720.11,22
I01852,O0438,P0023,4,15236.58,11
I01853,O0500,P0146,5,13058.56,24
I01854,O0363,P0055,4,103413.3,42
I01855,O0687,P0204,2,100002.09,38
I01856,O0949,P0216,3,98094.09,34
I01857,O0255,P0136,5,106315.02,32
I01858,O0320,P0078,1,117091.71,21
I01859,O0105,P0198,2,119339.89,37
I01860,O0779,P0125,4,17158.99,0
I01861,O0515,P0294,2,100316.09,44
I01862,O0514,P0117,5,133394.33,16
I01863,O0405,P0246,2,97222.51,28
I01864,O0617,P0295,1,139575.86,4
I01865,O0092,P0154,1,17391.42,37
I01866,O0918,P0128,3,116012.89,40
I01867,O0835,P0084,2,54379.36,13
I01868,O0487,P0209,1,21537.28,2
I01869,O0941,P0131,3,61891.62,21
I01870,O0799,P0012,2,22951.99,48
I01871,O0310,P0254,2,74911.96,27
I01872,O0326,P0017,2,116130.31,50
I01873,O0581,P0214,4,22544.2,47
I01874,O0496,P0034,5,49585.56,34
I01875,O0587,P0280,1,12310.82,46
I01876,O0003,P0206,4,22009.41,17
I01877,O0082,P0227,3,88409.92,6
I01878,O0807,P0116,3,49567.42,40
I01879,O0386,P0136,5,119256.63,39
I01880,O0825,P0128,5,105288.08,28
I01881,O0320,P0260,4,51398.19,5
I01882,O0336,P0175,5,66833.09,42
I01883,O0051,P0057,1,131446.23,43
I01884,O0185,P0030,4,128788.44,24
I01885,O0911,P0023,3,14534.45,27
I01886,O0700,P0032,2,7058.65,49
I01887,O0569,P0203,2,42775.64,45
I01888,O0664,P0065,1,79262.64,23
I01889,O0614,P0029,4,25370.16,38
I01890,O0672,P0294,3,97323.92,37
I01891,O0257,P0092,1,34864.04,24
I01892,O0699,P0141,5,70825.6,26
I01893,O0052,P0168,4,106339.21,50
I01894,O0954,P0160,3,41028.29,48
I01895,O0454,P0175,5,72029.88,50
I01896,O0976,P0158,3,113459.01,32
I01897,O0825,P0015,4,113575.86,23
I01898,O0265,P0208,4,96685.59,11
I01899,O0789,P0215,3,22511.84,25
I01900,O0648,P0172,5,109362.91,3
I01901,O0010,P0218,2,39254.6,9
I01902,O0302,P0093,4,50159.52,44
I01903,O0673,P0243,3,61459.99,39
I01904,O0069,P0200,1,76674.57,45
I01905,O0103,P0048,3,27127.36,16
I01906,O0547,P0265,4,22151.49,34
I01907,O0016,P0056,4,86886.77,30
I01908,O0729,P0254,5,80263.5,11
I01909,O0592,P0184,4,48569.28,17
I01910,O0457,P0070,4,9089.39,40
I01911,O0832,P0218,1,39160.11,10
I01912,O0055,P0105,5,49582.41,30
I01913,O0351,P0117,4,139327.89,24
I01914,O0888,P0273,1,48435.4,40
I01915,O0173,P0189,3,124981.57,8
I01916,O0127,P0286,2,100250.69,23
I01917,O0817,P0138,1,143950.08,16
I01918,O0313,P0189,3,131426.27,9
I01919,O0891,P0101,1,85222.52,9
I01920,O0958,P0230,3,133090.29,47
I01921,O0749,P0252,5,108703.97,28
I01922,O0449,P0204,2,108156.23,41
I01923,O0695,P0086,4,117891.08,35
I01924,O0552,P0195,2,149889.9,22
I01925,O0732,P0007,5,102954.08,38
I01926,O0803,P0199,2,116608.52,45
I01927,O0651,P0100,1,139788.77,14
I01928,O0333,P0280,5,10164.87,14
I01929,O0339,P0118,-3,70107.73,44
I01930,O0807,P0054,5,89862.61,28
I01931,O0486,P0259,3,19536.54,27
I01932,O0354,P0089,3,148505.87,23
I01933,O0268,P0135,4,25227.9,34
I01934,O0901,P0186,1,39415.35,28
I01935,O0722,P0283,-1,75215.52,48
I01936,O0933,P0165,2,18784.97,34
I01937,O0468,P0258,5,21614.57,47
I01938,O0396,P0291,5,70388.1,32
I01939,O0796,P0080,5,69302.92,20
I01940,O0493,P0297,2,51920.99,28
I01941,O0698,P0071,3,120215.88,5
I01942,O0883,P0277,4,90625.5,8
I01943,O0927,P0105,5,47683.99,10
I01944,O0534,P0121,2,58012.52,7
I01945,O0662,P0282,4,54932.62,10
I01946,O0967,P0291,2,69029.05,32
I01947,O0947,P0026,5,98954.25,9
I01948,O0125,P0023,-1,13511.82,0
I01949,O0017,P0033,5,6679.76,7
I01950,O0047,P0016,5,32801.98,35
I01951,O0942,P0247,4,76409.83,18
I01952,O0194,P0191,4,42815.76,46
I01953,O0241,P0284,3,60998.18,41
I01954,O0967,P0044,5,91650.1,30
I01955,O0283,P0216,5,92825.89,19
I01956,O0419,P0162,1,72161.98,49
I01957,O0018,P0235,4,26398.44,17
I01958,O0967,P0169,5,23660.94,21
I01959,O0021,P0024,4,43874.27,24
I01960,O0433,P0138,1,142505.48,25
I01961,O0939,P0190,3,24821.84,45
I01962,O0861,P0116,-3,43596.54,20
I01963,O0103,P0205,5,144644.91,17
I01964,O0791,P0241,1,18994.78,49
I01965,O0576,P0100,4,112070.33,35
I01966,O0145,P0194,5,69116.2,25
I01967,O0164,P0199,5,108028.26,14
I01968,O0553,P0222,5,2973.17,36
I01969,O0122,P0242,5,8959.22,31
I01970,O0801,P0038,3,143425.28,27
I01971,O0185,P0186,4,38868.79,24
I01972,O0024,P0122,-2,107050.14,27
I01973,O0903,P0184,4,45251.72,36
I01974,O0573,P0096,-4,38541.49,35
I01975,O0876,P0003,5,66186.9,4
I01976,O0803,P0237,3,42626.58,7
I01977,O0472,P0250,4,38710.47,47
I01978,O0142,P0250,3,39896.33,4
I01979,O0099,P0278,5,78691.38,45
I01980,O0607,P0207,2,1469.06,9
I01981,O0618,P0245,3,119334.09,3
I01982,O0831,P0136,3,101960.57,35
I01983,O0355,P0151,3,19978.86,20
I01984,O0446,P0259,-2,22791.72,8
I01985,O0865,P0188,4,111560.02,1
I01986,O0961,P0026,1,99184.26,45
I01987,O0921,P0176,4,71162.95,10
I01988,O0217,P0070,3,8186.43,11
I01989,O0516,P0084,5,68017.48,50
I01990,O0287,P0003,1,74219.28,33
I01991,O0188,P0083,3,99952.47,8
I01992,O0430,P0038,4,133596.48,50
I01993,O0791,P0192,1,43217.61,22
I01994,O0966,P0288,1,62309.69,0
I01995,O0626,P0092,4,32105.67,42
I01996,O0089,P0162,2,84547.31,2
I01997,O0762,P0186,2,42057.75,28
I01998,O0055,P0292,2,51417.35,4
I01999,O0830,P0221,5,86476.23,30
I02000,O0263,P0045,5,10919.85,45
I02001,O0336,P0151,2,16362.57,36
I02002,O0535,P0240,4,135075.45,26
I02003,O0353,P0068,5,3402.63,49
I02004,O0119,P0212,1,143816.58,32
I02005,O0948,P0073,4,24999.6,34
I02006,O0085,P0110,1,14578.1,9
I02007,O0361,P0288,5,64231.46,4
I02008,O0480,P0152,2,77740.83,46
I02009,O0369,P0225,3,63218.76,15
I02010,O0346,P0078,4,126475.62,17
I02011,O0559,P0223,1,72077.05,37
I02012,O0562,P0113,3,141213.84,32
I02013,O0200,P0281,3,40621.95,14
I02014,O0392,P0153,4,4699.96,21
I02015,O0343,P0028,4,68160.36,45
I02016,O0052,P0202,3,52923.39,5
I02017,O0373,P0204,2,104520.97,0
I02018,O0609,P0018,5,50591.15,20
I02019,O0110,P0022,4,25546.49,1
I02020,O0683,P0053,2,32802.98,6
I02021,O0474,P0260,4,55544.83,1
I02022,O0146,P0169,3,21260.93,24
I02023,O0056,P0091,2,3031.45,39
I02024,O0380,P0120,3,67441.39,44
I02025,O0964,P0043,2,153999.62,42
I02026,O0139,P0094,4,97112.31,36
I02027,O0366,P0031,1,16165.63,44
I02028,O0942,P0026,1,102810.32,46
I02029,O0953,P0094,3,93770.22,43
I02030,O0603,P0133,4,80013.41,2
I02031,O0449,P0145,1,44452.95,48
I02032,O0454,P0098,2,117553.79,22
I02033,O0726,P0188,1,110240.66,4
I02034,O0050,P0005,4,99540.67,13
I02035,O0994,P0156,1,20102.08,7
I02036,O0004,P0143,3,73487.99,13
I02037,O0439,P0024,5,44723.38,18
I02038,O0066,P0037,5,21484.01,6
I02039,O0979,P0114,3,59775.16,11
I02040,O0983,P0280,3,11668.63,23
I02041,O0703,P0291,3,65972.47,4
I02042,O0035,P0031,4,16883.24,36
I02043,O0014,P0010,4,135681.66,35
I02044,O0061,P0038,5,129711.33,16
I02045,O0046,P0124,4,137992.79,8
I02046,O0734,P0112,2,119506.92,37
I02047,O0716,P0192,-2,47932.44,29
I02048,O0387,P0081,3,122375.39,40
I02049,O0357,P0006,1,82265.97,20
I02050,O0262,P0067,4,118180.68,34
I02051,O0261,P0095,5,58968.0,36
I02052,O0720,P0077,2,93419.14,6
I02053,O0072,P0008,1,3322.55,26
I02054,O0860,P0024,3,40950.58,34
I02055,O0570,P0212,5,114276.72,7
I02056,O0091,P0197,4,98572.52,39
I02057,O0950,P0004,3,58356.62,29
I02058,O0343,P0289,5,60249.94,20
I02059,O0878,P0290,2,26829.9,37
I02060,O0790,P0217,3,32935.52,15
I02061,O0430,P0092,1,32438.77,23
I02062,O0363,P0267,2,114540.49,29
I02063,O0912,P0013,5,31177.37,7
I02064,O0094,P0177,2,149856.76,0
I02065,O0186,P0097,4,12472.76,41
I02066,O0815,P0088,1,73889.09,50
I02067,O0128,P0268,5,14783.94,43
I02068,O0375,P0290,1,28169.25,32
I02069,O0448,P0109,5,103017.97,5
I02070,O0748,P0161,5,83754.31,30
I02071,O0172,P0049,4,96807.65,3
I02072,O0769,P0174,2,71032.54,44
I02073,O0619,P0111,1,17010.86,9
I02074,O0521,P0298,4,28199.15,17
I02075,O0340,P0160,1,48726.65,8
I02076,O0173,P0245,-2,123339.16,13
I02077,O0630,P0151,5,20456.13,14
I02078,O0139,P0080,1,56880.35,31
I02079,O0286,P0109,2,112013.77,47
I02080,O0113,P0034,4,60204.58,36
I02081,O0617,P0101,1,80712.46,47
I02082,O0014,P0066,1,51788.03,17
I02083,O0960,P0077,2,88416.47,28
I02084,O0510,P0184,2,38673.76,23
I02085,O0736,P0100,1,131563.61,32
I02086,O0096,P0214,3,22135.62,25
I02087,O0202,P0002,1,67583.0,14
I02088,O0958,P0226,4,27815.08,37
I02089,O0099,P0276,2,22218.34,1
I02090,O0668,P0083,5,113594.6,43
I02091,O0761,P0038,4,145776.38,2
I02092,O0882,P0082,5,112132.46,7
I02093,O0967,P0015,3,116765.6,34
I02094,O0841,P0142,1,97165.21,9
I02095,O0582,P0042,2,44610.6,0
I02096,O0514,P0029,3,32323.07,26
I02097,O0862,P0202,4,61514.24,2
I02098,O0393,P0120,4,52896.23,32
I02099,O0824,P0202,3,52409.84,18
I02100,O0798,P0131,3,68823.63,27
I02101,O0401,P0101,3,68890.85,14
I02102,O0582,P0214,-3,23695.28,24
I02103,O0172,P0233,2,45314.62,8
I02104,O0445,P0061,1,22468.57,13
I02105,O0805,P0211,2,110566.59,41
I02106,O0569,P0165,3,18653.13,32
I02107,O0871,P0263,1,124153.52,38
I02108,O0974,P0051,5,13635.05,15
I02109,O0742,P0160,1,43549.19,24
I02110,O0270,P0113,2,136689.22,8
I02111,O0738,P0145,4,40562.34,23
I02112,O0683,P0030,3,127936.16,16
I02113,O0973,P0104,1,89230.66,5
I02114,O0724,P0188,5,91044.37,46
I02115,O0274,P0190,4,22689.94,44
I02116,O0578,P0138,4,126030.41,37
I02117,O0730,P0138,3,122635.13,15
I02118,O0448,P0190,5,25814.24,25
I02119,O0396,P0258,4,17092.34,13
I02120,O0928,P0144,2,12255.04,23
I02121,O0023,P0275,1,113486.5,39
I02122,O0940,P0157,5,7961.24,48
I02123,O0409,P0074,3,98533.89,24
I02124,O0407,P0155,4,92145.2,15
I02125,O0014,P0233,3,48160.23,45
I02126,O0603,P0061,3,22294.93,18
I02127,O0054,P0136,5,105734.48,10
I02128,O0964,P0213,1,77059.69,19
I02129,O0219,P0029,4,26791.78,49
I02130,O0469,P0116,1,46551.64,1
I02131,O0031,P0274,1,114353.71,22
I02132,O0942,P0086,2,113745.68,46
I02133,O0563,P0229,1,138459.06,20
I02134,O0161,P0108,3,124782.63,47
I02135,O0918,P0091,4,3119.88,29
I02136,O0266,P0137,4,119509.8,41
I02137,O0989,P0084,1,59680.22,21
I02138,O0897,P0076,2,74257.65,8
I02139,O0592,P0221,4,97721.59,12
I02140,O0480,P0002,1,54556.52,2
I02141,O0948,P0183,2,72023.22,4
I02142,O0026,P0189,3,144013.52,2
I02143,O0038,P0013,2,29382.75,46
I02144,O0132,P0034,3,52696.14,12
I02145,O0123,P0218,1,40617.81,36
I02146,O0709,P0064,2,23702.76,40
I02147,O0711,P0045,4,12885.32,12
I02148,O0125,P0102,4,94258.74,9
I02149,O0531,P0201,2,227.61,41
I02150,O0191,P0295,4,128817.73,46
I02151,O0383,P0181,2,72978.95,9
I02152,O0656,P0227,2,73298.38,33
I02153,O0618,P0090,1,83767.43,44
I02154,O0711,P0114,3,53329.86,27
I02155,O0090,P0260,3,48344.6,5
I02156,O0930,P0026,5,93824.01,11
I02157,O0399,P0255,1,26240.38,12
I02158,O0391,P0020,-1,57266.66,25
I02159,O0103,P0182,5,135966.57,43
I02160,O0574,P0094,1,89621.87,50
I02161,O0863,P0223,3,68114.8,25
I02162,O0490,P0103,3,115427.53,9
I02163,O0215,P0111,2,15932.12,45
I02164,O0521,P0009,1,100877.23,9
I02165,O0355,P0287,5,46688.74,43
I02166,O0647,P0095,2,62057.59,3
I02167,O0387,P0094,5,85633.11,23
I02168,O0672,P0026,4,120056.84,50
I02169,O0740,P0246,2,94498.72,34
I02170,O0057,P0140,4,44520.15,6
I02171,O0848,P0121,1,61976.71,35
I02172,O0973,P0157,1,7919.0,0
I02173,O0910,P0037,2,18874.4,42
I02174,O0059,P0261,3,51634.23,46
I02175,O0485,P0188,4,112167.11,50
I02176,O0488,P0024,3,40179.02,11
I02177,O0960,P0035,3,22534.1,17
I02178,O0074,P0040,5,78236.87,21
I02179,O0439,P0140,1,46799.2,36
I02180,O0739,P0193,5,17670.27,28
I02181,O0561,P0255,3,21093.33,0
I02182,O0831,P0071,1,135979.81,10
I02183,O0683,P0008,1,3330.65,6
I02184,O0140,P0046,2,141908.24,36
I02185,O0250,P0221,5,101314.15,41
I02186,O0465,P0208,1,88380.67,13
I02187,O0076,P0085,4,135572.82,5
I02188,O0818,P0095,2,62717.52,48
I02189,O0029,P0236,3,119427.17,34
I02190,O0637,P0244,5,62742.72,40
I02191,O0959,P0107,5,43940.05,19
I02192,O0208,P0060,5,13792.03,21
I02193,O0317,P0097,1,14456.38,50
I02194,O0593,P0172,2,106512.06,10
I02195,O0124,P0036,3,107668.08,31
I02196,O0827,P0194,3,69085.93,29
I02197,O0819,P0146,-4,11948.45,8
I02198,O0431,P0288,4,57687.07,42
I02199,O0781,P0223,4,74681.65,37
I02200,O0461,P0159,1,27004.94,22
I02201,O0437,P0018,3,39321.37,26
I02202,O0251,P0181,3,80440.62,2
I02203,O0603,P0198,3,109723.36,29
I02204,O0452,P0041,1,125246.52,22
I02205,O0141,P0292,4,54351.35,44
I02206,O0380,P0239,1,125533.1,10
I02207,O0542,P0083,4,98903.69,19
I02208,O0241,P0041,3,137567.05,39
I02209,O0871,P0287,5,44193.06,22
I02210,O0945,P0145,4,41343.32,21
I02211,O0772,P0135,3,23625.36,16
I02212,O0805,P0038,3,128062.79,38
I02213,O0604,P0126,5,52558.5,16
I02214,O0283,P0297,4,59785.53,17
I02215,O0899,P0210,-3,27175.07,42
I02216,O0717,P0288,2,53129.5,21
I02217,O0513,P0216,2,101020.18,13
I02218,O0590,P0273,5,56869.55,6
I02219,O0256,P0081,1,152027.98,48
I02220,O0585,P0229,2,123525.32,30
I02221,O0780,P0023,4,16311.29,33
I02222,O0357,P0099,3,43547.49,23
I02223,O0345,P0242,5,9246.41,2
I02224,O0251,P0006,1,73623.51,19
I02225,O0391,P0033,2,6270.25,3
I02226,O0843,P0015,2,114094.25,6
I02227,O0140,P0059,2,127243.67,25
I02228,O0886,P0183,5,62117.95,21
I02229,O0597,P0173,4,26292.73,27
I02230,O0995,P0041,5,138558.25,16
I02231,O0723,P0185,5,121586.42,20
I02232,O0407,P0199,2,115458.25,34
I02233,O0564,P0190,1,22062.32,11
I02234,O0196,P0209,2,20238.06,2
I02235,O0879,P0128,2,95808.64,16
I02236,O0417,P0107,-1,38399.93,28
I02237,O0732,P0297,4,61762.7,42
I02238,O0406,P0277,1,108220.68,41
I02239,O0322,P0073,5,25532.49,37
I02240,O0983,P0026,2,112562.46,41
I02241,O0679,P0250,4,38387.27,16
I02242,O0193,P0020,3,60819.49,9
I02243,O0234,P0275,3,91458.07,35
I02244,O0625,P0144,4,11660.91,48
I02245,O0345,P0082,2,111796.72,9
I02246,O0639,P0120,1,53759.44,25
I02247,O0588,P0056,2,65677.35,1
I02248,O0225,P0102,3,96787.69,46
I02249,O0709,P0063,4,61491.63,0
I02250,O0449,P0219,2,120900.93,22
I02251,O0769,P0162,2,68960.82,17
I02252,O0658,P0190,2,26378.51,11
I02253,O0933,P0119,5,13115.37,31
I02254,O0175,P0121,1,69482.2,50
I02255,O0135,P0024,2,38938.03,37
I02256,O0829,P0009,1,96924.53,10
I02257,O0678,P0068,3,2901.04,28
I02258,O0834,P0212,3,134467.75,46
I02259,O0795,P0053,4,39267.64,20
I02260,O0845,P0134,4,49106.92,38
I02261,O0959,P0094,3,86203.4,34
I02262,O0233,P0275,4,106326.41,40
I02263,O0152,P0174,5,57799.75,9
I02264,O0325,P0021,5,95345.25,25
I02265,O0777,P0274,3,126791.29,46
I02266,O0758,P0076,2,77783.15,28
I02267,O0588,P0040,2,65698.16,3
I02268,O0123,P0272,4,68167.97,44
I02269,O0355,P0284,4,62550.29,3
I02270,O0686,P0038,4,145692.08,31
I02271,O0299,P0019,2,52444.17,37
I02272,O0995,P0129,3,2279.04,48
I02273,O0113,P0253,1,14111.82,31
I02274,O0969,P0199,3,127450.17,11
I02275,O0168,P0011,3,86693.58,7
I02276,O0385,P0091,4,3279.74,16
I02277,O0606,P0196,2,104942.47,0
I02278,O0709,P0277,2,93904.18,19
I02279,O0454,P0010,3,121079.45,32
I02280,O0614,P0298,-3,25685.34,10
I02281,O0011,P0192,5,53206.92,43
I02282,O0358,P0037,5,19699.09,50
I02283,O0699,P0230,4,136301.38,11
I02284,O0407,P0219,2,129876.4,47
I02285,O0325,P0213,2,80210.53,31
I02286,O0486,P0164,2,94676.17,9
I02287,O0018,P0215,1,24686.94,5
I02288,O0146,P0069,1,6430.87,10
I02289,O0155,P0147,1,110093.44,49
I02290,O0421,P0112,1,120552.3,48
I02291,O0681,P0298,4,24052.42,42
I02292,O0738,P0079,4,79247.02,18
I02293,O0681,P0093,1,39751.73,42
I02294,O0266,P0264,1,84334.49,6
I02295,O0200,P0105,1,46966.11,2
I02296,O0045,P0140,5,49100.14,45
I02297,O0877,P0081,1,117269.71,9
I02298,O0097,P0089,1,124971.25,42
I02299,O0934,P0058,3,766.21,34
I02300,O0428,P0275,4,95349.13,0
I02301,O0107,P0299,1,54776.62,34
I02302,O0060,P0200,3,90508.85,43
I02303,O0001,P0022,4,30321.55,31
I02304,O0453,P0269,4,77170.27,20
I02305,O0795,P0199,4,138651.27,47
I02306,O0319,P0061,5,22343.21,18
I02307,O0675,P0093,1,48007.87,27
I02308,O0829,P0075,2,57603.78,19
I02309,O0707,P0033,1,7025.55,34
I02310,O0223,P0058,3,779.66,36
I02311,O0792,P0058,1,715.77,9
I02312,O0846,P0209,5,21514.29,17
I02313,O0590,P0270,1,85063.56,12
I02314,O0114,P0282,1,54305.27,27
I02315,O0420,P0011,2,84291.62,22
I02316,O0959,P0101,2,68995.15,25
I02317,O0194,P0050,1,106190.65,11
I02318,O0277,P0126,5,50348.0,0
I02319,O0958,P0182,5,134668.19,39
I02320,O0176,P0290,5,25767.31,34
I02321,O0715,P0222,2,2865.3,15
I02322,O0879,P0117,2,155020.44,13
I02323,O0904,P0257,5,14529.61,13
I02324,O0220,P0248,4,112223.55,21
I02325,O0651,P0059,5,137851.56,49
I02326,O0413,P0091,4,2890.57,35
I02327,O0313,P0056,1,69603.01,42
I02328,O0518,P0081,2,141349.1,9
I02329,O0102,P0277,5,92017.73,11
I02330,O0473,P0033,5,7213.28,48
I02331,O0754,P0011,4,95849.02,24
I02332,O0098,P0023,4,15575.52,37
I02333,O0172,P0004,5,67488.35,17
I02334,O0254,P0039,5,55931.24,26
I02335,O0120,P0236,5,101003.42,37
I02336,O0430,P0297,5,59218.57,19
I02337,O0359,P0255,2,20793.07,45
I02338,O0842,P0078,4,137256.53,25
I02339,O0547,P0197,2,87124.98,6
I02340,O0142,P0166,4,116061.27,37
I02341,O0580,P0084,3,63029.49,42
I02342,O0446,P0005,4,105199.23,37
I02343,O0883,P0012,4,20161.6,48
I02344,O0633,P0211,4,118201.35,4
I02345,O0783,P0225,5,56754.42,35
I02346,O0004,P0284,5,61601.93,31
I02347,O0262,P0287,3,47116.04,18
I02348,O0416,P0142,1,91483.46,38
I02349,O0822,P0259,3,22053.22,18
I02350,O0860,P0235,5,29385.48,25
I02351,O0751,P0298,5,23032.7,24
I02352,O0300,P0300,-5,125926.01,0
I02353,O0812,P0086,5,143164.16,20
I02354,O0989,P0088,1,75328.92,10
I02355,O0409,P0072,4,41879.77,35
I02356,O0617,P0032,1,6343.02,34
I02357,O0854,P0130,3,143426.41,0
I02358,O0570,P0277,5,110603.02,2
I02359,O0338,P0248,3,128877.28,15
I02360,O0634,P0243,3,61128.57,6
I02361,O0567,P0178,4,91355.21,9
I02362,O0948,P0229,3,118616.99,13
I02363,O0048,P0177,4,135931.77,37
I02364,O0910,P0183,-2,72679.13,22
I02365,O0397,P0150,1,127551.69,12
I02366,O0846,P0225,5,63477.64,18
I02367,O0443,P0230,5,138480.26,46
I02368,O0935,P0010,1,108809.32,41
I02369,O0823,P0018,1,48618.06,27
I02370,O0382,P0063,1,71609.9,19
I02371,O0973,P0130,2,149816.39,25
I02372,O0496,P0141,3,73452.89,25
I02373,O0839,P0192,2,42930.83,9
I02374,O0807,P0065,1,81312.05,38
I02375,O0447,P0245,2,132958.94,11
I02376,O0189,P0093,1,43057.33,13
I02377,O0955,P0151,4,16976.11,19
I02378,O0492,P0200,3,88931.8,20
I02379,O0382,P0115,5,118605.31,14
I02380,O0548,P0116,-3,48445.83,8
I02381,O0295,P0171,3,70350.97,38
I02382,O0058,P0002,2,65184.12,5
I02383,O0953,P0035,4,21409.17,9
I02384,O0649,P0238,4,29833.66,34
I02385,O0658,P0280,2,11063.87,45
I02386,O0692,P0165,5,19131.47,42
I02387,O0313,P0088,3,72922.23,6
I02388,O0416,P0060,5,12322.38,5
I02389,O0460,P0035,1,17292.69,40
I02390,O0049,P0186,3,35481.87,29
I02391,O0315,P0138,4,122840.54,13
I02392,O0366,P0073,3,26646.2,47
I02393,O0874,P0152,1,78982.51,7
I02394,O0365,P0298,3,29506.0,29
I02395,O0205,P0134,3,46725.59,2
I02396,O0342,P0119,4,12197.5,12
I02397,O0128,P0272,2,86809.81,4
I02398,O0705,P0103,2,124573.21,38
I02399,O0187,P0219,1,117429.49,11
I02400,O0832,P0286,1,82040.03,34
I02401,O0487,P0101,1,76804.71,11
I02402,O0324,P0033,3,6701.55,19
I02403,O0419,P0168,2,131548.0,30
I02404,O0832,P0263,1,126696.05,6
I02405,O0365,P0218,4,41278.78,24
I02406,O0509,P0045,4,11139.56,10
I02407,O0607,P0204,5,130929.41,14
I02408,O0215,P0203,2,47081.96,24
I02409,O0645,P0221,3,95848.97,39
I02410,O0602,P0295,5,142128.15,7
I02411,O0050,P0273,5,50305.19,36
I02412,O0018,P0273,2,53255.35,21
I02413,O0168,P0049,1,108418.42,33
I02414,O0298,P0148,2,64033.15,47
I02415,O0961,P0264,5,89080.71,42
I02416,O0630,P0235,5,27867.89,23
I02417,O0844,P0252,3,97452.99,48
I02418,O0533,P0065,5,93430.2,3
I02419,O0184,P0074,1,104747.51,46
I02420,O0552,P0038,2,133528.7,40
I02421,O0624,P0232,1,55480.77,48
I02422,O0595,P0271,3,124050.16,21
I02423,O0831,P0051,3,13888.87,31
I02424,O0779,P0082,5,126460.11,6
I02425,O0085,P0094,2,82358.84,32
I02426,O0350,P0223,5,64428.07,15
I02427,O0625,P0252,5,107666.15,21
I02428,O0591,P0006,1,74666.14,46
I02429,O0587,P0086,1,132129.2,23
I02430,O0324,P0076,5,84160.94,37
I02431,O0213,P0114,3,63286.69,20
I02432,O0763,P0259,5,23916.45,29
I02433,O0985,P0007,3,98311.66,1
I02434,O0765,P0063,1,69203.93,5
I02435,O0011,P0128,5,103977.57,30
I02436,O0315,P0069,3,5838.03,27
I02437,O0044,P0294,1,98190.64,34
I02438,O0817,P0052,5,90120.39,20
I02439,O0063,P0070,3,8165.28,25
I02440,O0072,P0176,5,78768.51,25
I02441,O0144,P0226,1,27412.29,46
I02442,O0614,P0206,5,23463.22,39
I02443,O0062,P0004,3,69573.17,48
I02444,O0862,P0221,1,113466.35,28
I02445,O0682,P0127,1,91006.17,24
I02446,O0246,P0300,4,128492.46,50
I02447,O0899,P0060,1,11875.53,43
I02448,O0629,P0022,2,30189.9,30
I02449,O0498,P0094,-4,81037.17,38
I02450,O0432,P0194,-4,75893.08,18
I02451,O0182,P0267,1,107689.9,4
I02452,O0837,P0212,1,117723.23,44
I02453,O0473,P0166,2,124258.65,40
I02454,O0942,P0154,4,13818.21,23
I02455,O0987,P0064,1,23911.84,0
I02456,O0139,P0252,-2,85764.55,26
I02457,O0214,P0217,2,37937.69,6
I02458,O0270,P0133,3,78050.1,37
I02459,O0236,P0163,2,141166.04,36
I02460,O0817,P0023,4,13637.77,48
I02461,O0882,P0002,5,62462.38,48
I02462,O0879,P0143,5,91277.45,20
I02463,O0773,P0180,1,92304.81,49
I02464,O0337,P0276,4,25256.4,29
I02465,O0273,P0101,1,73995.25,35
I02466,O0983,P0287,1,45977.49,17
I02467,O0795,P0018,2,41593.23,32
I02468,O0779,P0268,1,12729.87,30
I02469,O0454,P0184,5,40303.86,25
I02470,O0291,P0244,-4,63010.92,14
I02471,O0735,P0005,-5,105917.86,22
I02472,O0198,P0263,4,113252.21,8
I02473,O0406,P0069,3,5700.35,2
I02474,O0947,P0135,1,22646.7,14
I02475,O0916,P0044,5,109845.84,28
I02476,O0473,P0069,1,5903.1,1
I02477,O0058,P0254,5,67782.44,36
I02478,O0221,P0082,3,120068.6,35
I02479,O0659,P0039,1,57604.33,19
I02480,O0102,P0074,2,103583.63,29
I02481,O0029,P0286,4,87614.83,16
I02482,O0887,P0295,4,122403.23,5
I02483,O0508,P0153,2,4001.37,44
I02484,O0662,P0110,2,13596.36,39
I02485,O0053,P0019,2,55155.43,6
I02486,O0705,P0196,2,84514.29,34
I02487,O0409,P0230,2,144695.1,49
I02488,O0036,P0017,5,134535.43,25
I02489,O0915,P0213,2,78073.98,26
I02490,O0982,P0279,5,31610.64,30
I02491,O0620,P0161,1,79321.0,8
I02492,O0342,P0289,-1,58861.71,39
I02493,O0473,P0046,2,109276.21,28
I02494,O0176,P0083,1,109211.37,24
I02495,O0580,P0022,5,23740.94,24
I02496,O0508,P0073,2,28725.24,16
I02497,O0324,P0144,4,14657.98,7
I02498,O0584,P0086,5,146435.9,30
I02499,O0855,P0004,4,56787.97,3
I02500,O0149,P0116,3,47890.37,8
I02501,O0189,P0185,2,126731.95,9
I02502,O0351,P0093,2,42257.29,5
I02503,O0146,P0009,5,114662.53,28
I02504,O0817,P0243,2,49356.7,43
I02505,O0188,P0216,3,93687.67,8
I02506,O0482,P0210,1,26044.48,19
I02507,O0738,P0286,1,95041.97,17
I02508,O0971,P0177,3,133833.2,24
I02509,O0038,P0068,1,3153.98,20
I02510,O0979,P0275,5,89363.41,27
I02511,O0554,P0208,3,95382.3,26
I02512,O0262,P0246,5,100484.4,32
I02513,O0691,P0216,2,98182.84,3
I02514,O0930,P0005,5,89645.53,16
I02515,O0025,P0262,2,136509.83,5
I02516,O0579,P0057,5,116233.45,36
I02517,O0134,P0044,4,91739.94,36
I02518,O0755,P0271,2,150636.42,40
I02519,O0131,P0102,3,92220.53,17
I02520,O0523,P0224,3,83479.0,32
I02521,O0162,P0061,2,25188.38,20
I02522,O0281,P0222,2,2941.11,10
I02523,O0068,P0086,2,128973.84,47
I02524,O0152,P0008,3,2737.36,13
I02525,O0780,P0112,1,109667.15,33
I02526,O0386,P0128,3,116214.48,29
I02527,O0246,P0057,-5,124163.98,36
I02528,O0787,P0291,1,61218.17,0
I02529,O0024,P0297,1,62763.15,40
I02530,O0156,P0121,2,59850.9,29
I02531,O0760,P0298,5,26519.71,29
I02532,O0758,P0023,-4,15875.9,21
I02533,O0308,P0279,1,36605.88,35
I02534,O0436,P0246,3,78770.57,1
I02535,O0944,P0264,3,77158.23,7
I02536,O0912,P0050,2,107447.92,6
I02537,O0536,P0044,3,108394.9,41
I02538,O0379,P0133,3,83145.14,19
I02539,O0154,P0010,2,130933.38,42
I02540,O0013,P0036,3,107327.02,17
I02541,O0423,P0211,1,99808.68,36
I02542,O0622,P0129,3,2543.94,25
I02543,O0443,P0227,2,71124.47,35
I02544,O0142,P0137,1,126656.01,34
I02545,O0933,P0047,5,48661.84,14
I02546,O0526,P0229,5,128027.07,0
I02547,O0153,P0201,2,251.67,4
I02548,O0509,P0135,3,24769.54,50
I02549,O0935,P0184,2,39378.31,14
I02550,O0353,P0233,-1,44145.58,39
I02551,O0097,P0287,2,40770.54,35
I02552,O0119,P0215,1,27908.07,20
I02553,O0355,P0290,1,28867.17,25
I02554,O0118,P0017,1,112557.75,3
I02555,O0271,P0219,-4,103336.23,35
I02556,O0249,P0268,2,12031.25,46
I02557,O0901,P0090,2,67989.29,47
I02558,O0948,P0219,1,104670.63,41
I02559,O0927,P0136,5,98042.11,47
I02560,O0440,P0223,3,79751.18,46
I02561,O0936,P0133,3,67370.29,19
I02562,O0671,P0091,2,3042.88,14
I02563,O0873,P0154,4,13737.83,39
I02564,O0091,P0171,-2,77749.88,47
I02565,O0818,P0105,3,41797.25,15
I02566,O0359,P0286,4,103365.83,34
I02567,O0174,P0084,3,65603.43,8
I02568,O0846,P0235,2,35041.36,32
I02569,O0402,P0215,4,28981.12,50
I02570,O0410,P0079,2,67305.91,39
I02571,O0901,P0227,4,79086.1,17
I02572,O0810,P0151,4,16048.27,10
I02573,O0593,P0031,2,14362.64,6
I02574,O0826,P0262,3,130016.19,19
I02575,O0997,P0075,2,69929.29,13
I02576,O0315,P0028,3,67321.91,48
I02577,O0388,P0281,2,38576.07,21
I02578,O0810,P0222,3,2861.42,10
I02579,O0366,P0132,5,78125.96,25
I02580,O0676,P0142,3,88458.4,7
I02581,O0104,P0253,2,13834.28,9
I02582,O0475,P0128,1,99773.93,19
I02583,O0231,P0173,5,25886.47,32
I02584,O0826,P0092,1,33840.65,26
I02585,O0550,P0012,4,22429.98,1
I02586,O0356,P0051,1,13783.32,10
I02587,O0835,P0190,3,25094.84,5
I02588,O0822,P0096,2,30215.42,25
I02589,O0053,P0160,5,43024.77,0
I02590,O0844,P0123,4,138987.03,41
I02591,O0894,P0259,4,19482.35,10
I02592,O0064,P0104,1,97762.33,37
I02593,O0638,P0026,1,100923.77,0
I02594,O0215,P0153,4,4302.36,48
I02595,O0707,P0255,1,23894.82,41
I02596,O0569,P0213,1,72139.45,40
I02597,O0776,P0199,2,141147.95,43
I02598,O0733,P0027,5,99867.27,18
I02599,O0866,P0239,5,126091.25,0
I02600,O0644,P0062,1,68172.11,14
I02601,O0346,P0272,2,67734.81,10
I02602,O0572,P0271,4,114194.07,8
I02603,O0799,P0240,5,140442.6,29
I02604,O0115,P0213,1,82537.94,32
I02605,O0114,P0241,2,20177.66,38
I02606,O0901,P0197,3,98061.17,34
I02607,O0203,P0249,3,60099.8,26
I02608,O0574,P0055,1,88079.56,0
I02609,O0690,P0282,3,48564.44,32
I02610,O0033,P0008,2,3346.25,18
I02611,O0199,P0070,2,9351.89,10
I02612,O0994,P0063,4,69241.89,24
I02613,O0617,P0196,5,96969.59,25
I02614,O0683,P0242,1,8425.82,43
I02615,O0366,P0034,4,47450.73,36
I02616,O0871,P0187,2,95717.94,7
I02617,O0859,P0209,3,18331.22,0
I02618,O0492,P0005,2,82458.08,41
I02619,O0536,P0133,2,71039.11,47
I02620,O0712,P0058,5,637.98,8
I02621,O0296,P0278,3,81961.52,0
I02622,O0309,P0055,4,102086.7,0
I02623,O0324,P0118,1,61211.46,4
I02624,O0387,P0244,3,71989.21,24
I02625,O0716,P0149,4,60528.31,42
I02626,O0889,P0169,2,19073.42,0
I02627,O0334,P0009,1,100390.02,31
I02628,O0431,P0133,2,84495.05,37
I02629,O0807,P0218,1,40870.49,21
I02630,O0329,P0057,2,108633.66,28
I02631,O0930,P0253,3,14075.36,37
I02632,O0382,P0289,4,56820.6,16
I02633,O0159,P0193,1,18758.57,29
I02634,O0165,P0117,-4,127948.45,18
I02635,O0446,P0190,3,23172.94,9
I02636,O0038,P0184,1,37727.63,13
I02637,O0063,P0257,4,13386.83,16
I02638,O0773,P0247,5,80822.83,30
I02639,O0681,P0032,2,6620.17,14
I02640,O0543,P0009,2,101014.2,4
I02641,O0861,P0155,5,88611.65,42
I02642,O0186,P0197,1,82419.38,16
I02643,O0790,P0202,5,49939.5,28
I02644,O0191,P0285,5,73857.15,28
I02645,O0427,P0220,3,57302.55,24
I02646,O0700,P0106,2,65423.27,45
I02647,O0212,P0174,2,74829.92,25
I02648,O0488,P0214,2,20304.97,33
I02649,O0442,P0259,4,21699.0,42
I02650,O0711,P0016,3,35895.9,25
I02651,O0606,P0120,2,57192.54,23
I02652,O0797,P0121,-3,70818.25,43
I02653,O0538,P0075,4,61858.4,5
I02654,O0980,P0168,5,120969.16,16
I02655,O0796,P0005,3,98964.11,20
I02656,O0422,P0231,1,96116.66,29
I02657,O0512,P0174,3,64821.63,4
I02658,O0601,P0015,2,103856.53,9
I02659,O0866,P0093,4,43970.43,8
I02660,O0467,P0106,2,67736.55,41
I02661,O0151,P0247,1,66228.36,29
I02662,O0851,P0190,4,20884.92,31
I02663,O0110,P0217,2,35617.8,39
I02664,O0905,P0279,3,30940.75,35
I02665,O0414,P0296,5,124345.07,6
I02666,O0856,P0218,-5,45121.86,11
I02667,O0192,P0016,2,36431.91,36
I02668,O0814,P0282,1,55764.29,17
I02669,O0189,P0204,3,101061.64,27
I02670,O0560,P0013,1,30987.53,48
I02671,O0020,P0111,1,16096.57,49
I02672,O0041,P0176,1,76719.31,12
I02673,O0214,P0095,4,58908.22,17
I02674,O0386,P0296,2,142333.95,28
I02675,O0164,P0289,3,58382.78,15
I02676,O0938,P0285,1,73134.13,2
I02677,O0760,P0204,3,103650.77,22
I02678,O0631,P0282,3,50499.73,47
I02679,O0620,P0116,2,39941.17,48
I02680,O0506,P0093,5,40838.16,36
I02681,O0121,P0199,2,109186.54,49
I02682,O0577,P0220,1,57055.2,26
I02683,O0464,P0203,3,45475.85,10
I02684,O0567,P0156,3,18507.48,16
I02685,O0639,P0192,1,42393.26,34
I02686,O0446,P0155,1,83577.7,23
I02687,O0772,P0212,1,134436.5,42
I02688,O0733,P0053,5,40900.25,38
I02689,O0048,P0085,2,151926.42,49
I02690,O0846,P0154,2,14892.83,34
I02691,O0587,P0018,5,50544.98,22
I02692,O0981,P0099,2,34597.09,10
I02693,O0251,P0184,1,47476.6,41
I02694,O0825,P0170,3,62430.92,39
I02695,O0906,P0116,3,48013.0,43
I02696,O0920,P0018,2,46424.16,35
I02697,O0828,P0287,3,39254.94,12
I02698,O0774,P0126,2,46727.17,15
I02699,O0404,P0084,5,52617.12,34
I02700,O0028,P0178,5,99873.91,41
I02701,O0237,P0063,2,69229.43,48
I02702,O0277,P0047,2,47417.43,49
I02703,O0342,P0202,3,57305.13,39
I02704,O0138,P0029,1,33006.87,25
I02705,O0203,P0039,4,55641.24,17
I02706,O0164,P0034,1,54707.49,17
I02707,O0657,P0048,5,24284.54,39
I02708,O0816,P0051,5,14709.41,4
I02709,O0720,P0118,1,58736.65,25
I02710,O0132,P0217,3,34067.66,32
I02711,O0645,P0205,3,143942.85,9
I02712,O0719,P0014,5,110694.92,49
I02713,O0235,P0014,1,101378.9,47
I02714,O0901,P0273,3,45357.18,3
I02715,O0196,P0086,1,136339.76,21
I02716,O0364,P0006,3,66258.42,49
I02717,O0143,P0052,5,97726.29,42
I02718,O0862,P0026,5,107365.22,37
I02719,O0473,P0072,3,48944.8,23
I02720,O0710,P0129,2,2124.56,34
I02721,O0242,P0131,3,70798.26,7
I02722,O0605,P0093,1,45783.43,31
I02723,O0043,P0221,4,109848.87,12
I02724,O0985,P0107,2,42640.58,35
I02725,O0441,P0182,1,124121.15,3
I02726,O0170,P0175,4,73931.91,27
I02727,O0282,P0030,5,138986.31,50
I02728,O0368,P0270,5,90513.78,10
I02729,O0997,P0165,4,20917.04,25
I02730,O0808,P0089,1,123835.8,30
I02731,O0129,P0300,2,150191.03,49
I02732,O0653,P0164,3,101072.39,10
I02733,O0569,P0082,2,106399.49,48
I02734,O0109,P0274,2,122935.8,40
I02735,O0416,P0087,3,52862.18,12
I02736,O0604,P0129,2,2122.65,10
I02737,O0812,P0084,2,54015.94,36
I02738,O0588,P0090,-5,65517.11,44
I02739,O0671,P0214,4,23996.74,2
I02740,O0138,P0210,-4,28328.06,21
I02741,O0848,P0027,5,89059.55,4
I02742,O0489,P0146,-1,12660.11,4
I02743,O0052,P0044,5,101375.55,12
I02744,O0552,P0091,2,3414.35,5
I02745,O0089,P0114,4,61068.11,26
I02746,O0989,P0011,5,95947.42,2
I02747,O0329,P0205,3,144909.4,47
I02748,O0429,P0029,4,32202.51,25
I02749,O0289,P0112,5,121869.19,0
I02750,O0587,P0167,2,76940.6,27
I02751,O0093,P0228,4,88022.55,43
I02752,O0114,P0106,2,66427.11,41
I02753,O0960,P0133,3,87696.23,19
I02754,O0141,P0103,1,115900.41,18
I02755,O0120,P0101,4,74968.59,24
I02756,O0536,P0186,4,42407.32,48
I02757,O0033,P0217,2,38967.95,11
I02758,O0639,P0024,3,42883.1,30
I02759,O0336,P0175,1,69411.26,5
I02760,O0856,P0254,5,66056.33,19
I02761,O0715,P0094,1,84337.33,14
I02762,O0456,P0158,3,109388.85,31
I02763,O0173,P0113,3,135823.71,50
I02764,O0202,P0257,4,13641.42,48
I02765,O0012,P0085,3,146812.78,23
I02766,O0764,P0116,4,39673.19,35
I02767,O0582,P0022,3,24492.69,33
I02768,O0445,P0137,1,135982.21,0
I02769,O0610,P0174,2,62951.91,20
I02770,O0494,P0138,2,135977.79,15
I02771,O0329,P0009,1,98681.29,34
I02772,O0080,P0135,4,24920.69,41
I02773,O0651,P0211,1,102190.7,33
I02774,O0269,P0142,2,97288.31,24
I02775,O0085,P0278,4,100862.0,22
I02776,O0900,P0213,3,89427.98,8
I02777,O0696,P0199,2,140600.16,50
I02778,O0069,P0189,3,121529.11,23
I02779,O0837,P0265,5,29021.15,9
I02780,O0464,P0244,2,60276.71,49
I02781,O0530,P0158,3,122775.69,35
I02782,O0395,P0011,3,92575.29,48
I02783,O0904,P0220,1,50503.15,45
I02784,O0254,P0228,3,81969.76,15
I02785,O0217,P0014,4,110420.89,13
I02786,O0023,P0208,4,97522.83,7
I02787,O0562,P0070,2,8069.95,30
I02788,O0934,P0295,3,139231.83,49
I02789,O0525,P0232,5,48481.47,13
I02790,O0515,P0169,5,18801.74,30
I02791,O0770,P0106,5,70479.57,10
I02792,O0714,P0264,5,83206.22,30
I02793,O0410,P0013,3,29025.78,1
I02794,O0865,P0155,5,91547.09,44
I02795,O0467,P0031,3,16843.69,48
I02796,O0717,P0040,5,78440.57,28
I02797,O0031,P0209,4,20768.64,48
I02798,O0072,P0206,2,27724.01,0
I02799,O0486,P0099,5,43344.6,32
I02800,O0860,P0042,5,51272.44,31
I02801,O0123,P0288,2,57925.39,49
I02802,O0209,P0120,4,64103.26,0
I02803,O0547,P0217,3,34288.97,37
I02804,O0299,P0081,1,140533.76,34
I02805,O0704,P0121,1,60521.35,20
I02806,O0310,P0010,1,129906.8,39
I02807,O0429,P0231,1,98824.88,4
I02808,O0632,P0175,5,60548.97,16
I02809,O0622,P0272,2,73312.92,35
I02810,O0935,P0263,3,115351.69,3
I02811,O0715,P0076,1,75886.95,26
I02812,O0483,P0258,1,18840.43,41
I02813,O0278,P0114,1,60247.86,37
I02814,O0885,P0027,1,107369.65,49
I02815,O0595,P0073,5,22663.52,28
I02816,O0794,P0024,1,44324.95,9
I02817,O0423,P0153,1,4046.42,1
I02818,O0526,P0277,1,111268.65,4
I02819,O0466,P0082,4,100532.0,26
I02820,O0564,P0090,3,83540.95,20
I02821,O0771,P0016,1,32067.62,42
I02822,O0594,P0174,5,68792.64,40
I02823,O0283,P0046,1,108108.58,37
I02824,O0702,P0058,5,670.21,7
I02825,O0176,P0242,4,7380.87,2
I02826,O0544,P0069,1,5616.08,3
I02827,O0651,P0090,4,84821.7,16
I02828,O0288,P0138,2,131188.02,40
I02829,O0667,P0095,3,65169.62,31
I02830,O0922,P0004,1,65379.22,18
I02831,O0830,P0074,3,113314.19,13
I02832,O0418,P0010,5,135101.1,14
I02833,O0470,P0187,-2,111271.37,17
I02834,O0584,P0232,4,55489.46,3
I02835,O0256,P0193,-4,19281.13,18
I02836,O0249,P0193,3,18526.1,44
I02837,O0316,P0022,3,28548.7,27
I02838,O0262,P0257,1,15091.22,50
I02839,O0377,P0143,1,93906.33,44
I02840,O0279,P0262,5,125123.11,45
I02841,O0584,P0232,4,47612.86,45
I02842,O0410,P0211,2,117128.3,14
I02843,O0439,P0020,4,63477.96,49
I02844,O0640,P0271,4,116864.16,23
I02845,O0596,P0159,5,33470.69,42
I02846,O0927,P0090,2,85907.93,11
I02847,O0620,P0269,4,92251.08,36
I02848,O0635,P0066,1,44231.75,29
I02849,O0972,P0292,5,54067.47,22
I02850,O0387,P0080,5,62534.3,46
I02851,O0562,P0127,2,83747.69,30
I02852,O0886,P0205,5,137029.41,28
I02853,O0626,P0096,3,33271.05,19
I02854,O0125,P0127,3,71867.63,16
I02855,O0917,P0127,1,84932.8,47
I02856,O0195,P0044,2,102329.39,1
I02857,O0005,P0035,3,20692.88,42
I02858,O0716,P0239,4,135545.54,47
I02859,O0967,P0035,3,20743.66,2
I02860,O0892,P0146,5,12930.11,1
I02861,O0210,P0265,5,23228.71,40
I02862,O0864,P0279,4,34000.85,34
I02863,O0446,P0168,4,132018.76,42
I02864,O0963,P0070,3,7854.97,45
I02865,O0665,P0078,1,120084.33,14
I02866,O0032,P0292,4,58118.76,6
I02867,O0638,P0134,5,44101.36,36
I02868,O0963,P0280,1,12002.39,25
I02869,O0547,P0068,1,3146.64,15
I02870,O0644,P0002,4,60740.91,33
I02871,O0441,P0293,3,105798.63,48
I02872,O0668,P0149,1,70793.37,19
I02873,O0503,P0132,1,85914.65,4
I02874,O0673,P0100,4,116040.59,25
I02875,O0100,P0007,1,93562.01,41
I02876,O0174,P0038,4,126331.28,14
I02877,O0430,P0045,5,10481.64,2
I02878,O0151,P0171,5,79629.81,46
I02879,O0073,P0102,5,90289.96,2
I02880,O0195,P0153,2,5113.63,19
I02881,O0282,P0230,3,110458.35,17
I02882,O0506,P0221,1,113556.5,26
I02883,O0887,P0066,2,39904.23,0
I02884,O0709,P0241,4,23797.57,38
I02885,O0074,P0242,1,9026.9,49
I02886,O0999,P0183,1,59320.96,42
I02887,O0171,P0276,5,23643.21,24
I02888,O0198,P0131,1,61471.18,50
I02889,O0363,P0261,1,56676.88,5
I02890,O0747,P0049,3,109763.25,17
I02891,O0736,P0201,3,275.71,25
I02892,O0049,P0252,-4,89649.19,37
I02893,O0252,P0007,3,88634.57,34
I02894,O0283,P0010,2,130367.04,34
I02895,O0154,P0092,1,31227.2,13
I02896,O0603,P0196,4,105704.06,47
I02897,O0749,P0021,2,111660.76,34
I02898,O0568,P0205,3,136411.04,1
I02899,O0676,P0228,5,71915.89,20
I02900,O0162,P0174,1,63799.27,44
I02901,O0448,P0106,2,71287.14,26
I02902,O0136,P0103,1,127535.64,29
I02903,O0308,P0135,1,25052.84,3
I02904,O0781,P0222,4,2837.49,38
I02905,O0572,P0248,1,110684.84,43
I02906,O0733,P0061,5,22081.57,46
I02907,O0843,P0145,2,40728.24,9
I02908,O0831,P0200,4,80497.79,17
I02909,O0567,P0174,5,59665.74,25
I02910,O0247,P0096,1,35425.63,2
I02911,O0303,P0233,2,47382.29,38
I02912,O0927,P0241,1,24897.43,23
I02913,O0729,P0143,3,89652.34,50
I02914,O0059,P0273,2,56315.02,5
I02915,O0455,P0033,3,5978.43,39
I02916,O0587,P0174,2,64536.61,50
I02917,O0498,P0199,4,122072.41,15
I02918,O0335,P0296,4,123921.54,0
I02919,O0142,P0197,1,85756.11,8
I02920,O0383,P0249,5,59420.17,24
I02921,O0530,P0206,1,26677.53,25
I02922,O0243,P0022,4,26507.52,0
I02923,O0380,P0023,2,16260.51,5
I02924,O0663,P0220,3,60271.78,37
I02925,O0124,P0006,2,74153.6,10
I02926,O0061,P0122,1,108724.39,38
I02927,O0269,P0174,2,71066.59,29
I02928,O0776,P0190,5,24075.61,14
I02929,O0879,P0058,5,630.96,25
I02930,O0043,P0026,5,105679.12,8
I02931,O0884,P0238,3,31218.59,18
I02932,O0678,P0165,3,23946.23,37
I02933,O0975,P0071,1,148354.82,38
I02934,O0289,P0147,3,86708.83,35
I02935,O0017,P0288,1,62673.71,22
I02936,O0645,P0180,5,110815.94,18
I02937,O0781,P0170,4,64420.97,10
I02938,O0612,P0190,2,24203.27,3
I02939,O0323,P0209,-4,21475.04,26
I02940,O0106,P0216,2,99452.13,28
I02941,O0011,P0152,4,64808.76,26
I02942,O0924,P0208,1,84118.69,4
I02943,O0375,P0259,-3,21495.3,12
I02944,O0698,P0003,1,77576.27,40
I02945,O0974,P0047,4,47981.27,27
I02946,O0056,P0178,5,86423.45,8
I02947,O0184,P0131,3,64909.79,20
I02948,O0315,P0227,5,85236.01,16
I02949,O0750,P0188,2,114607.18,44
I02950,O0962,P0240,5,140730.78,7
I02951,O0587,P0041,5,124055.13,27
I02952,O0988,P0154,4,15574.89,24
I02953,O0907,P0064,5,26067.07,45
I02954,O0622,P0254,3,73737.13,25
I02955,O0561,P0004,3,53363.02,11
I02956,O0994,P0125,4,18390.64,5
I02957,O0556,P0136,2,123897.2,6
I02958,O0578,P0096,-2,32554.56,31
I02959,O0248,P0112,2,114226.64,45
I02960,O0619,P0246,2,81170.27,36
I02961,O0882,P0208,3,79922.53,35
I02962,O0944,P0069,3,5694.96,25
I02963,O0958,P0236,4,108276.49,11
I02964,O0265,P0085,4,125956.46,45
I02965,O0164,P0115,5,136597.16,2
I02966,O0140,P0123,-2,115796.79,44
I02967,O0001,P0034,4,49117.83,11
I02968,O0529,P0143,3,96035.35,31
I02969,O0676,P0037,5,18724.78,38
I02970,O0010,P0248,3,140566.63,21
I02971,O0863,P0138,3,123675.6,28
I02972,O0332,P0224,5,76542.85,12
I02973,O0565,P0114,-1,61428.31,25
I02974,O0808,P0146,2,12358.95,49
I02975,O0777,P0222,2,2664.28,29
I02976,O0479,P0112,2,124055.82,46
I02977,O0519,P0018,4,42766.16,30
I02978,O0029,P0227,1,77236.66,15
I02979,O0388,P0018,3,41090.22,32
I02980,O0816,P0156,2,15911.47,2
I02981,O0656,P0243,3,51147.57,31
I02982,O0277,P0010,4,129339.81,32
I02983,O0172,P0220,4,56070.63,0
I02984,O0863,P0221,-2,87202.07,45
I02985,O0415,P0098,5,111133.91,50
I02986,O0830,P0207,3,1724.26,18
I02987,O0588,P0230,3,128337.94,37
I02988,O0214,P0054,5,92376.92,44
I02989,O0789,P0293,4,128807.96,45
I02990,O0285,P0040,3,78936.23,27
I02991,O0036,P0162,-3,74046.7,44
I02992,O0820,P0107,2,44852.45,27
I02993,O0304,P0111,2,16239.77,37
I02994,O0264,P0196,1,88581.45,35
I02995,O0600,P0274,1,126641.39,21
I02996,O0631,P0148,5,60975.22,1
I02997,O0005,P0038,2,129624.78,44
I02998,O0942,P0084,2,66778.64,33
I02999,O0721,P0156,4,19738.17,40
I03000,O0166,P0175,4,75565.88,44
